id_a,id_b,sha_a,sha_b,sim_score,error_types_a,error_types_b
302,303,3fecab1b8e5668d6fa49529e87195f6ee7eba268,dadeba110a5a98dbc810f9b8f3896424175318c1,0.9987,Test Failure,Test Failure
293,294,a0593ec1c9613ae8ab78fddd30e47114ded16f00,60564cf453626802e147b5b929b8b1c6427fb3d8,0.979,Code Formatting,Code Formatting
221,222,e87521de11a3590c9e844173d80eba1a07e36dd8,86e4cd55fa5e00e99c72cd91c4b69b231d79a270,0.9673,Test Failure,Test Failure
540,546,b41c3a617f8b67bd12b40558e6ce45fcfe18be16,dcba90e30c60bdb723989d610211052f9034bdc8,0.9119,Environment,Environment Error|Test Failure
307,306,1635d1811c3630bf60e4392671e04be7765d902e,c4330a42492e01350945e09419953aa3f40fb796,0.9081,Tooling Error|Workflow Error,Tooling Error|Workflow Error
537,546,9dc2989bf314072dcfa5ddc2e481df5fc3132b07,dcba90e30c60bdb723989d610211052f9034bdc8,0.9045,Test Failure,Environment Error|Test Failure
315,255,48674ee71fd28378322b16a8796b2288507831bd,ce27d795db2ad56eabd9c05bf7a17c9a7bea951f,0.9023,Code Formatting,Code Formatting
348,354,3a7e3367046eb22823eed815391d0845ff3c6835,95daf0c88c0124cfe87000050efe81be97516d51,0.8982,Code Styling|Test Failure|Workflow Error,Code Styling|Test Failure
537,540,9dc2989bf314072dcfa5ddc2e481df5fc3132b07,b41c3a617f8b67bd12b40558e6ce45fcfe18be16,0.8893,Test Failure,Environment
389,390,c00dcda416ea115343732869949ac3b1d872d755,c0170b76dce30f86ad587eb32a2e030d8c715480,0.8819,Code Styling,Code Styling
74,79,c434e89bee35d93f4e741c32dc36c5a9a68404df,da9d2e853bd3c3111d4d8864906975c75f7e9888,0.8756,Type Checking|Import Error,Type Checking|Import Error
184,202,7b8834b321a97bc57d7a5ac82680c24aff793b91,a52d22193b0ad09104ad4afdc6adddffeb5b8894,0.8647,Import Error|Type Checking,Type Checking|Import Error
98,99,852f8655c69f4704965b19c0bbfadca6777ef23e,b79f8486bf2063658bf3b2e658c07b7cfbe519bc,0.8641,Runtime Error|Test Failure,Test Failure
138,440,92f010054982b709ab300f53b9a8bd407ab51e3f,7939c1ba9f52be99b937172cf52cb090ad8bbe60,0.8636,Code Styling,Code Styling
412,414,d85d774b0920cc0438fb1f084c93df696fb3f6c8,e067bbd31dc6889b33989fa6f38609e9e58969a0,0.8528,Dependency,Dependency
12,14,edaf59b69f96acdf155c4514061ea648ea6df122,d2f64daf7608d00cb7a8659cfd1dee42c54bb12c,0.8509,Code Formatting,Code Formatting
73,199,c27ea5332c1d979ad2fc0c2b09ff571c9538f423,9ebc254bb14ed052a0ac459d8c109ae8e0c12233,0.8493,Import Error,Code Styling|Import Error
332,339,8dc44333c309188f0a8337f20af6f2c01313b0de,e6d2dc68133f80003d2ac7429bcf7715b8c920d0,0.8426,Static Analysis,Static Analysis
528,540,4cb814c27dd37bbf6ccd194f9d6b2c0a2ac0119d,b41c3a617f8b67bd12b40558e6ce45fcfe18be16,0.835,Environment Error,Environment
388,398,bee41c19610cd35c5663e176e0fe1459e6bd80f3,c2b2c04d2b5fdc5462e0db7eb8847aa85c31b5d9,0.8334,Type Checking,Type Checking
158,160,1d0fff71ae9ea258fad3d54257be9ca9b3eb499e,233c76da6b91def1e9d09a3fe170578c0bded0aa,0.8306,Code Styling,Code Styling
186,176,7da71b58b1eb9b56ac1b4423afd9da61679a706e,6865351833c002710b5e861a4ff6bc05b74afd4b,0.8253,Import Error|Code Styling,Code Styling|Import Error
85,206,f06bfb4ef15132a04a3983b4aa40f2e385ef7c04,aef89d7979ff37db1e5e5a75265767e0c460b0ba,0.8248,Type Checking,Type Checking
169,177,3ab735577ed448887a8f1f463c73a611a4ca253e,69a56c3a1a48f96da4e8c6f71b19dfd71f3f2b8c,0.8203,Code Styling,Code Styling
73,205,c27ea5332c1d979ad2fc0c2b09ff571c9538f423,ae364459a503a2867eeef3ede75f24ad3b5d5839,0.8141,Import Error,Import Error
332,333,8dc44333c309188f0a8337f20af6f2c01313b0de,95dd5bb1f7ae87cf5ab482420b4dd72454165ff3,0.8134,Static Analysis,Static Analysis
202,207,a52d22193b0ad09104ad4afdc6adddffeb5b8894,b55b03d12d1c33d6fb57e3c36aad243bb089b41c,0.8099,Type Checking|Import Error,Type Checking|Import Error
330,333,34d266419c7e9ea075d674394e5fa567c2720d08,95dd5bb1f7ae87cf5ab482420b4dd72454165ff3,0.8099,Code Styling,Static Analysis
73,77,c27ea5332c1d979ad2fc0c2b09ff571c9538f423,d340b3a337398d539f38101282d09dd5e9966354,0.8093,Import Error,Import Error
74,78,c434e89bee35d93f4e741c32dc36c5a9a68404df,d78ebf9508e112a8d2526ec26bcc37d8e8a2bfa2,0.809,Type Checking|Import Error,Import Error|Type Checking
112,116,6aec23d104a077af68fbcf236630ed69d6d965ac,a02c53a0eed80e7332e03b39bac351260afde289,0.8086,Code Styling,Code Styling
79,83,da9d2e853bd3c3111d4d8864906975c75f7e9888,e36b14dc3ee04beb3f0d8c2b89252eb864ea5c1a,0.807,Type Checking|Import Error,Type Checking|Import Error
87,206,f6f8da08fb440f8856510d0837876c41eb182dfc,aef89d7979ff37db1e5e5a75265767e0c460b0ba,0.8067,Type Checking,Type Checking
189,199,82609349d7098fd5ad1c71f0e057f50cd0074404,9ebc254bb14ed052a0ac459d8c109ae8e0c12233,0.806,Code Styling|Import Error,Code Styling|Import Error
486,451,b5b9507e0e063bd08038c29b13d10a09e66a198d,2e7fac1fa5dc8fc049721d23698810c2d2518adf,0.8038,Code Styling,Code Formatting
77,205,d340b3a337398d539f38101282d09dd5e9966354,ae364459a503a2867eeef3ede75f24ad3b5d5839,0.8022,Import Error,Import Error
177,198,69a56c3a1a48f96da4e8c6f71b19dfd71f3f2b8c,9b52669238946cd01f9cc5e99a4b6babf0942cdf,0.8019,Code Styling,Code Styling
528,546,4cb814c27dd37bbf6ccd194f9d6b2c0a2ac0119d,dcba90e30c60bdb723989d610211052f9034bdc8,0.8012,Environment Error,Environment Error|Test Failure
184,207,7b8834b321a97bc57d7a5ac82680c24aff793b91,b55b03d12d1c33d6fb57e3c36aad243bb089b41c,0.7989,Import Error|Type Checking,Type Checking|Import Error
192,199,8474427eeab92e28766b8051d92e6b46379581e9,9ebc254bb14ed052a0ac459d8c109ae8e0c12233,0.7978,Code Styling|Import Error,Code Styling|Import Error
73,74,c27ea5332c1d979ad2fc0c2b09ff571c9538f423,c434e89bee35d93f4e741c32dc36c5a9a68404df,0.7972,Import Error,Type Checking|Import Error
162,176,3045ad82fb7ebc1182bf5d0a1d64713bec621512,6865351833c002710b5e861a4ff6bc05b74afd4b,0.7966,Code Styling|Import Error,Code Styling|Import Error
537,528,9dc2989bf314072dcfa5ddc2e481df5fc3132b07,4cb814c27dd37bbf6ccd194f9d6b2c0a2ac0119d,0.7956,Test Failure,Environment Error
178,188,6ad4e8d6bb1ea167fa88d68f5396968b713dd7ba,7f4d750eaf81c6f8384ed8246180c29bb45ea7bf,0.7949,Type Checking,Type Checking
152,184,110e09997f8a22a617e261dec9e301129bbead65,7b8834b321a97bc57d7a5ac82680c24aff793b91,0.7921,Test Failure|Type Checking,Import Error|Type Checking
414,418,e067bbd31dc6889b33989fa6f38609e9e58969a0,ed81322247e526f87264c1f8b8e067307cf4a2e3,0.7919,Dependency,Dependency
78,79,d78ebf9508e112a8d2526ec26bcc37d8e8a2bfa2,da9d2e853bd3c3111d4d8864906975c75f7e9888,0.79,Import Error|Type Checking,Type Checking|Import Error
475,479,9388a2af668cc9def219ceca43c66a649bdc69d0,9df3e7857276b4804d1fadc0c33b4df0c6e5c254,0.79,Network,Network
79,207,da9d2e853bd3c3111d4d8864906975c75f7e9888,b55b03d12d1c33d6fb57e3c36aad243bb089b41c,0.789,Type Checking|Import Error,Type Checking|Import Error
79,165,da9d2e853bd3c3111d4d8864906975c75f7e9888,344c0994f4fce22a64ad9c57270679e51b8e66e6,0.7881,Type Checking|Import Error,Type Checking|Import Error
459,475,6af171ff8190efbbd9b72aa19b11564279fd37f2,9388a2af668cc9def219ceca43c66a649bdc69d0,0.7871,Network,Network
527,529,459cfd9a9110080f68d50b9ae3b63fa17b0f2f0c,511a9296c9215864baf1a1a7ae843ccfa0efdfd9,0.7859,Environment Error|Test Failure,Environment Error|Runtime Error|Test Failure
209,200,b9a749745c9e91ee446a6ebdda7640d49cac8027,a19827aa499277f65d5314ace68e2ddee7a25f4c,0.7855,Test Failure|Type Checking,Type Checking|Test Failure
11,15,cced5b5d68a3fe1a02d8ac1186e9d12b6c75dc8d,c3f4fe9eefdb297183b6d51bfc305e40feeec358,0.7852,Code Formatting,Code Formatting
73,79,c27ea5332c1d979ad2fc0c2b09ff571c9538f423,da9d2e853bd3c3111d4d8864906975c75f7e9888,0.7851,Import Error,Type Checking|Import Error
507,517,82fe739a979a58067738c7f97cbb8444f12277d5,a33b26d8520a396ba5dd2de736b63046422ca368,0.7851,Type Checking|Code Styling,Code Styling|Type Checking
114,117,78131a41338361909ae6e81399a5eac2579498bf,a6517d5fc23bbb6be3424924264025b961df3fe2,0.7816,Dependency Error|Type Checking,Code Styling|Type Checking
177,186,69a56c3a1a48f96da4e8c6f71b19dfd71f3f2b8c,7da71b58b1eb9b56ac1b4423afd9da61679a706e,0.7811,Code Styling,Import Error|Code Styling
162,186,3045ad82fb7ebc1182bf5d0a1d64713bec621512,7da71b58b1eb9b56ac1b4423afd9da61679a706e,0.7794,Code Styling|Import Error,Import Error|Code Styling
527,544,459cfd9a9110080f68d50b9ae3b63fa17b0f2f0c,c69fd6009fd8b027305163e7e4200f6ad67af95a,0.7793,Environment Error|Test Failure,Environment Error|Test Failure
160,198,233c76da6b91def1e9d09a3fe170578c0bded0aa,9b52669238946cd01f9cc5e99a4b6babf0942cdf,0.779,Code Styling,Code Styling
74,207,c434e89bee35d93f4e741c32dc36c5a9a68404df,b55b03d12d1c33d6fb57e3c36aad243bb089b41c,0.7787,Type Checking|Import Error,Type Checking|Import Error
160,177,233c76da6b91def1e9d09a3fe170578c0bded0aa,69a56c3a1a48f96da4e8c6f71b19dfd71f3f2b8c,0.7786,Code Styling,Code Styling
192,176,8474427eeab92e28766b8051d92e6b46379581e9,6865351833c002710b5e861a4ff6bc05b74afd4b,0.7785,Code Styling|Import Error,Code Styling|Import Error
14,15,d2f64daf7608d00cb7a8659cfd1dee42c54bb12c,c3f4fe9eefdb297183b6d51bfc305e40feeec358,0.7765,Code Formatting,Code Formatting
74,186,c434e89bee35d93f4e741c32dc36c5a9a68404df,7da71b58b1eb9b56ac1b4423afd9da61679a706e,0.7732,Type Checking|Import Error,Import Error|Code Styling
115,126,992b9a36ee14ce62ac8639c1ec88ba83e375e525,ed13d89504c50a1b3f5d9757b74c7aaf38356150,0.7728,Type Checking,Static Analysis|Type Checking
151,184,09c3a7624b042f0af173fb95362fbefbb3d32522,7b8834b321a97bc57d7a5ac82680c24aff793b91,0.7727,Import Error|Type Checking,Import Error|Type Checking
12,15,edaf59b69f96acdf155c4514061ea648ea6df122,c3f4fe9eefdb297183b6d51bfc305e40feeec358,0.7719,Code Formatting,Code Formatting
295,165,d6626e5de246cce87651793060322ff1b3f7e0c0,344c0994f4fce22a64ad9c57270679e51b8e66e6,0.771,Import Error,Type Checking|Import Error
86,186,f2436c62292765f014a0dd30a013035abd13c33f,7da71b58b1eb9b56ac1b4423afd9da61679a706e,0.7697,Type Checking|Import Error,Import Error|Code Styling
123,124,d4593aedbc14dbd885f63009dcb0a4b962a04be6,da7ae359227a089cedf0b7aba53962766e7eb0b2,0.7685,Test Failure|Type Checking,Type Checking|Dependency Error
459,490,6af171ff8190efbbd9b72aa19b11564279fd37f2,c2b5e0bfc9cbe7e066893953cb5a06851e303a54,0.7677,Network,Network
137,132,7c228365e8de18c41dfe96d6035bc7c528663f2b,1559358d5679d353417ef140c1894997b4c7160f,0.7672,Type Checking,Type Checking
74,199,c434e89bee35d93f4e741c32dc36c5a9a68404df,9ebc254bb14ed052a0ac459d8c109ae8e0c12233,0.7668,Type Checking|Import Error,Code Styling|Import Error
187,189,7efb1f09096dd41ea09b30ceb17746686931d1cf,82609349d7098fd5ad1c71f0e057f50cd0074404,0.7652,Code Styling|Import Error,Code Styling|Import Error
89,151,fb10c6e8e2f7ca6d855f8cfeda8bae8f4a644e7c,09c3a7624b042f0af173fb95362fbefbb3d32522,0.7641,Import Error|Type Checking,Import Error|Type Checking
473,480,926f6108861434b74b89f4836c9ee0f3bd0ebe78,9f86e5eaae5340895bc2ff917672bb3d0b8c8a3c,0.764,Network,Network
529,544,511a9296c9215864baf1a1a7ae843ccfa0efdfd9,c69fd6009fd8b027305163e7e4200f6ad67af95a,0.7636,Environment Error|Runtime Error|Test Failure,Environment Error|Test Failure
475,495,9388a2af668cc9def219ceca43c66a649bdc69d0,f20dec3285bbb18784f228e767f58580cdbc5251,0.7626,Network,Network
535,544,917c6c79402d69402ae4d4229f9a44cb49bf6867,c69fd6009fd8b027305163e7e4200f6ad67af95a,0.762,Environment Error,Environment Error|Test Failure
85,208,f06bfb4ef15132a04a3983b4aa40f2e385ef7c04,b71bbb2badf2b10a82cbf28201187592972c377d,0.7614,Type Checking,Type Checking
186,189,7da71b58b1eb9b56ac1b4423afd9da61679a706e,82609349d7098fd5ad1c71f0e057f50cd0074404,0.76,Import Error|Code Styling,Code Styling|Import Error
506,510,80fe937279863ecf49a66640859a9d9dd17ec23b,8607b72d71832c853bbf49929ff06c4429e99cd9,0.7598,Code Styling,Code Styling
181,189,6fe4e00e8863c8da28d241cb65632725de6db64b,82609349d7098fd5ad1c71f0e057f50cd0074404,0.7591,Code Styling|Import Error,Code Styling|Import Error
115,117,992b9a36ee14ce62ac8639c1ec88ba83e375e525,a6517d5fc23bbb6be3424924264025b961df3fe2,0.759,Type Checking,Code Styling|Type Checking
79,199,da9d2e853bd3c3111d4d8864906975c75f7e9888,9ebc254bb14ed052a0ac459d8c109ae8e0c12233,0.7586,Type Checking|Import Error,Code Styling|Import Error
415,419,e1dbd83b5eccd0a5435563900d30381bb4d4f27a,f35834221f9415921e1e7f49ecd2db4fb92e1daf,0.7582,Dependency,Dependency
169,186,3ab735577ed448887a8f1f463c73a611a4ca253e,7da71b58b1eb9b56ac1b4423afd9da61679a706e,0.758,Code Styling,Import Error|Code Styling
109,116,5f98672f68c7f4acdf3e6f68fd79e66b56d0b529,a02c53a0eed80e7332e03b39bac351260afde289,0.758,Code Formatting,Code Styling
480,482,9f86e5eaae5340895bc2ff917672bb3d0b8c8a3c,a55d718a92a401e1e0f9d9ad56a588f5ec072d74,0.7576,Network,Network
162,199,3045ad82fb7ebc1182bf5d0a1d64713bec621512,9ebc254bb14ed052a0ac459d8c109ae8e0c12233,0.757,Code Styling|Import Error,Code Styling|Import Error
151,202,09c3a7624b042f0af173fb95362fbefbb3d32522,a52d22193b0ad09104ad4afdc6adddffeb5b8894,0.7565,Import Error|Type Checking,Type Checking|Import Error
8,9,385c14d0ae500918cff5565ea836884bfaa2bfa5,4d5898b8a73c93e1ed4434744c2fa7c3f7fbd501,0.7562,Code Styling|Code Formatting,Code Styling
90,161,ff5106ea7e8f83cb7a85bbee6f2299ac736ac860,235e19d6998790dd527e8a43710990aef29359b1,0.7558,Type Checking|Test Failure,Test Failure|Type Checking
78,207,d78ebf9508e112a8d2526ec26bcc37d8e8a2bfa2,b55b03d12d1c33d6fb57e3c36aad243bb089b41c,0.7555,Import Error|Type Checking,Type Checking|Import Error
447,494,091b008384f701eda98979586e9f051aeb6ab7e6,ee19007ba4a51af406a9e80d2b1b53ffc7d713a7,0.7544,Network Error,Network Error
156,167,1a6efefa726610d7ca262beb8e6adf1607829dbb,39d992d415c335b61f670c31a68c0edc578e5062,0.7533,Type Checking|Import Error,Import Error|Type Checking
473,490,926f6108861434b74b89f4836c9ee0f3bd0ebe78,c2b5e0bfc9cbe7e066893953cb5a06851e303a54,0.7532,Network,Network
390,405,c0170b76dce30f86ad587eb32a2e030d8c715480,c4ad9dac070fb520b3e6d5a68fa9822a9620b311,0.7529,Code Styling,Code Styling
152,172,110e09997f8a22a617e261dec9e301129bbead65,55c8c01643e65d53cf29664e5d5dc6d7307272d6,0.7527,Test Failure|Type Checking,Test Failure|Type Checking
156,193,1a6efefa726610d7ca262beb8e6adf1607829dbb,84d26c4b6b5881367cdabfc56d29b50389f1ba92,0.7526,Type Checking|Import Error,Import Error|Type Checking
412,418,d85d774b0920cc0438fb1f084c93df696fb3f6c8,ed81322247e526f87264c1f8b8e067307cf4a2e3,0.7522,Dependency,Dependency
372,374,96dafcc506deebe62c5cc7baf77861e0222fd4de,ceac7609b4d07be6653735414990c9218fc4eac8,0.752,Dependency Error,Dependency Error
140,137,c9766a5e3d0c982cd148a391e63fb0f7c386b17e,7c228365e8de18c41dfe96d6035bc7c528663f2b,0.7509,Type Checking,Type Checking
152,202,110e09997f8a22a617e261dec9e301129bbead65,a52d22193b0ad09104ad4afdc6adddffeb5b8894,0.7506,Test Failure|Type Checking,Type Checking|Import Error
414,415,e067bbd31dc6889b33989fa6f38609e9e58969a0,e1dbd83b5eccd0a5435563900d30381bb4d4f27a,0.7504,Dependency,Dependency
87,208,f6f8da08fb440f8856510d0837876c41eb182dfc,b71bbb2badf2b10a82cbf28201187592972c377d,0.7502,Type Checking,Type Checking
186,187,7da71b58b1eb9b56ac1b4423afd9da61679a706e,7efb1f09096dd41ea09b30ceb17746686931d1cf,0.7502,Import Error|Code Styling,Code Styling|Import Error
199,205,9ebc254bb14ed052a0ac459d8c109ae8e0c12233,ae364459a503a2867eeef3ede75f24ad3b5d5839,0.7495,Code Styling|Import Error,Import Error
475,490,9388a2af668cc9def219ceca43c66a649bdc69d0,c2b5e0bfc9cbe7e066893953cb5a06851e303a54,0.7481,Network,Network
187,199,7efb1f09096dd41ea09b30ceb17746686931d1cf,9ebc254bb14ed052a0ac459d8c109ae8e0c12233,0.7472,Code Styling|Import Error,Code Styling|Import Error
460,478,734baee3ea9e591888c79c1976e36c460da45528,9cf62fab15cce046bb01baf9d0d312ba4da659c3,0.7467,Code Styling,Code Styling
412,415,d85d774b0920cc0438fb1f084c93df696fb3f6c8,e1dbd83b5eccd0a5435563900d30381bb4d4f27a,0.7466,Dependency,Dependency
91,186,ff8929ce168fb87cf50f6a52e4cc3b12b8fd5e2e,7da71b58b1eb9b56ac1b4423afd9da61679a706e,0.7464,Import Error|Code Styling,Import Error|Code Styling
151,156,09c3a7624b042f0af173fb95362fbefbb3d32522,1a6efefa726610d7ca262beb8e6adf1607829dbb,0.7464,Import Error|Type Checking,Type Checking|Import Error
187,176,7efb1f09096dd41ea09b30ceb17746686931d1cf,6865351833c002710b5e861a4ff6bc05b74afd4b,0.7452,Code Styling|Import Error,Code Styling|Import Error
568,571,10a55bd2102c1f482ef8f7a0d6efd2f3776d3cf2,148c3bae1aa467fb5a22a91f7fa6e4f434032ba1,0.7437,Linting,Linting
11,12,cced5b5d68a3fe1a02d8ac1186e9d12b6c75dc8d,edaf59b69f96acdf155c4514061ea648ea6df122,0.7435,Code Formatting,Code Formatting
334,337,a1741388832b295ac6f4f031820ea292f484c64a,d1fc8665c79e298c95cecc5e770fd2454ff5aada,0.7432,Static Analysis,Static Analysis
79,295,da9d2e853bd3c3111d4d8864906975c75f7e9888,d6626e5de246cce87651793060322ff1b3f7e0c0,0.7429,Type Checking|Import Error,Import Error
183,203,78c5d662bf2145c91356e5185db05a17950b3dc4,ac2b8825370e010e3875415296d16506d231bb90,0.7427,Type Checking|Import Error,Type Checking|Import Error
151,207,09c3a7624b042f0af173fb95362fbefbb3d32522,b55b03d12d1c33d6fb57e3c36aad243bb089b41c,0.7418,Import Error|Type Checking,Type Checking|Import Error
527,545,459cfd9a9110080f68d50b9ae3b63fa17b0f2f0c,c6e622ac4765055bd95f5358a6f19ed3970da9b4,0.7418,Environment Error|Test Failure,Environment Error|Test Failure
568,569,10a55bd2102c1f482ef8f7a0d6efd2f3776d3cf2,130a7fc1e0a80a2f0f25f03663afd7fe38493e2c,0.7415,Linting,Code Styling
214,215,d76dc85f4b7ccf18eb28510f36e2b8fcd7ce2bff,6045a677ac736652e43bacb313f2fa2ab56c7cda,0.741,Type Checking,Type Checking
76,79,d1e88b8766d152d7d4e7911a0072591db1eb4bcd,da9d2e853bd3c3111d4d8864906975c75f7e9888,0.7409,Import Error|Type Checking|Code Styling,Type Checking|Import Error
85,87,f06bfb4ef15132a04a3983b4aa40f2e385ef7c04,f6f8da08fb440f8856510d0837876c41eb182dfc,0.7409,Type Checking,Type Checking
107,115,44cc14aa3f36dbd14049106933dcd12bdb1fead4,992b9a36ee14ce62ac8639c1ec88ba83e375e525,0.7409,Type Checking,Type Checking
490,495,c2b5e0bfc9cbe7e066893953cb5a06851e303a54,f20dec3285bbb18784f228e767f58580cdbc5251,0.7399,Network,Network
164,188,33ed019c7f623b9fb89b1430b38c7e7a7aefa57c,7f4d750eaf81c6f8384ed8246180c29bb45ea7bf,0.7398,Type Checking,Type Checking
78,186,d78ebf9508e112a8d2526ec26bcc37d8e8a2bfa2,7da71b58b1eb9b56ac1b4423afd9da61679a706e,0.7397,Import Error|Type Checking,Import Error|Code Styling
72,160,c0f40b6ac7f75f8a20f3af07f5277d97188c378f,233c76da6b91def1e9d09a3fe170578c0bded0aa,0.7394,Code Styling,Code Styling
116,119,a02c53a0eed80e7332e03b39bac351260afde289,af6a0b457a537777e1e18111b49dbe9abfffb2cd,0.7392,Code Styling,Code Styling|Network Error
80,203,dc07b7a4e5314d29edb7e9c30d36e12a6dec3dd7,ac2b8825370e010e3875415296d16506d231bb90,0.7385,Test Failure|Type Checking,Type Checking|Import Error
77,199,d340b3a337398d539f38101282d09dd5e9966354,9ebc254bb14ed052a0ac459d8c109ae8e0c12233,0.7384,Import Error,Code Styling|Import Error
143,444,076846e0a5144086c33090675a893d97305c8d52,2d3846f9b793ef4830755e953779cbd4f5d7680c,0.7381,Test Failure,Configuration Error|Dependency Error
74,165,c434e89bee35d93f4e741c32dc36c5a9a68404df,344c0994f4fce22a64ad9c57270679e51b8e66e6,0.7378,Type Checking|Import Error,Type Checking|Import Error
193,207,84d26c4b6b5881367cdabfc56d29b50389f1ba92,b55b03d12d1c33d6fb57e3c36aad243bb089b41c,0.7378,Import Error|Type Checking,Type Checking|Import Error
158,198,1d0fff71ae9ea258fad3d54257be9ca9b3eb499e,9b52669238946cd01f9cc5e99a4b6babf0942cdf,0.7368,Code Styling,Code Styling
151,167,09c3a7624b042f0af173fb95362fbefbb3d32522,39d992d415c335b61f670c31a68c0edc578e5062,0.7366,Import Error|Type Checking,Import Error|Type Checking
432,433,cec8c72b4609f69a21bebd233c2662fa7bdd078b,d461f312431b69d9e3a4068b50fca6449fd34940,0.7352,Linting,Linting
372,373,96dafcc506deebe62c5cc7baf77861e0222fd4de,bad6b76af688c10ecd094e8e7d9c14a20e1137a7,0.7347,Dependency Error,Dependency Error
30,33,d4ca3713b196de2aee52fd0344d0eb9a9eaada64,c359d794dd0e4baf40be48d584193f88c2213f37,0.7344,Code Styling,Code Styling
387,392,beb9de2399518898238ae072750ada0050e774cc,c058e355b7652337c512f4cad727cc391e641b63,0.7342,Import Error,Import Error
47,49,3dd8e4404a0ce2e29db4911dc2cd7e94755be631,c9991372b81edabb86965638db110ab930f8e165,0.734,Code Styling,Code Styling
162,189,3045ad82fb7ebc1182bf5d0a1d64713bec621512,82609349d7098fd5ad1c71f0e057f50cd0074404,0.7338,Code Styling|Import Error,Code Styling|Import Error
76,207,d1e88b8766d152d7d4e7911a0072591db1eb4bcd,b55b03d12d1c33d6fb57e3c36aad243bb089b41c,0.7335,Import Error|Type Checking|Code Styling,Type Checking|Import Error
384,400,bd65f8074258cddb4e29eb1cc1bce77d1a46883f,c33c39fbc60b7b4c253555282f5f50c051086b41,0.7334,Test Failure,Test Failure
90,209,ff5106ea7e8f83cb7a85bbee6f2299ac736ac860,b9a749745c9e91ee446a6ebdda7640d49cac8027,0.733,Type Checking|Test Failure,Test Failure|Type Checking
164,178,33ed019c7f623b9fb89b1430b38c7e7a7aefa57c,6ad4e8d6bb1ea167fa88d68f5396968b713dd7ba,0.7327,Type Checking,Type Checking
13,15,b639adb71066410b3b12d97a674ee7fcb51e9980,c3f4fe9eefdb297183b6d51bfc305e40feeec358,0.7326,Code Styling,Code Formatting
186,191,7da71b58b1eb9b56ac1b4423afd9da61679a706e,840ad511b904f43678ec438464deb893fda58c8b,0.7324,Import Error|Code Styling,Code Styling|Import Error
73,189,c27ea5332c1d979ad2fc0c2b09ff571c9538f423,82609349d7098fd5ad1c71f0e057f50cd0074404,0.7319,Import Error,Code Styling|Import Error
165,207,344c0994f4fce22a64ad9c57270679e51b8e66e6,b55b03d12d1c33d6fb57e3c36aad243bb089b41c,0.7316,Type Checking|Import Error,Type Checking|Import Error
459,495,6af171ff8190efbbd9b72aa19b11564279fd37f2,f20dec3285bbb18784f228e767f58580cdbc5251,0.731,Network,Network
535,540,917c6c79402d69402ae4d4229f9a44cb49bf6867,b41c3a617f8b67bd12b40558e6ce45fcfe18be16,0.731,Environment Error,Environment
163,176,31d6eba6f9be2ea8fc3bf80efc498075f6241cb5,6865351833c002710b5e861a4ff6bc05b74afd4b,0.73,Code Styling|Test Failure,Code Styling|Import Error
156,202,1a6efefa726610d7ca262beb8e6adf1607829dbb,a52d22193b0ad09104ad4afdc6adddffeb5b8894,0.7299,Type Checking|Import Error,Type Checking|Import Error
506,522,80fe937279863ecf49a66640859a9d9dd17ec23b,ab9c7f77e0f9f30dc850a0e808f8eacace0a4b2b,0.7298,Code Styling,Code Styling
152,207,110e09997f8a22a617e261dec9e301129bbead65,b55b03d12d1c33d6fb57e3c36aad243bb089b41c,0.7297,Test Failure|Type Checking,Type Checking|Import Error
117,126,a6517d5fc23bbb6be3424924264025b961df3fe2,ed13d89504c50a1b3f5d9757b74c7aaf38356150,0.7289,Code Styling|Type Checking,Static Analysis|Type Checking
152,175,110e09997f8a22a617e261dec9e301129bbead65,67b1780b01f5d7461dc9b3d189d25acecbdb171d,0.7281,Test Failure|Type Checking,Type Checking|Import Error|Code Styling
482,495,a55d718a92a401e1e0f9d9ad56a588f5ec072d74,f20dec3285bbb18784f228e767f58580cdbc5251,0.7272,Network,Network
460,464,734baee3ea9e591888c79c1976e36c460da45528,770f97a0a0b3f9c8a1e7f4b55ad99376197e28f2,0.7271,Code Styling,Code Styling
175,202,67b1780b01f5d7461dc9b3d189d25acecbdb171d,a52d22193b0ad09104ad4afdc6adddffeb5b8894,0.7267,Type Checking|Import Error|Code Styling,Type Checking|Import Error
452,446,35bcc1e64e7a71cdf06972952cdcebe52cc6a6e9,083b48256813564d301995020b838bfaf6055d79,0.7267,Code Formatting,Code Formatting
156,207,1a6efefa726610d7ca262beb8e6adf1607829dbb,b55b03d12d1c33d6fb57e3c36aad243bb089b41c,0.7266,Type Checking|Import Error,Type Checking|Import Error
150,202,073ad2a4332ae2ea545fd18c601fdf2171d150c6,a52d22193b0ad09104ad4afdc6adddffeb5b8894,0.7262,Type Checking|Import Error,Type Checking|Import Error
157,191,1c533e0065df6fa2c1c75c23125cdc5e8c12ce3c,840ad511b904f43678ec438464deb893fda58c8b,0.7256,Import Error|Code Styling,Code Styling|Import Error
162,192,3045ad82fb7ebc1182bf5d0a1d64713bec621512,8474427eeab92e28766b8051d92e6b46379581e9,0.7256,Code Styling|Import Error,Code Styling|Import Error
527,541,459cfd9a9110080f68d50b9ae3b63fa17b0f2f0c,b83cb34fc3527b13da672608f375fedf557d6853,0.7256,Environment Error|Test Failure,Environment Error|Test Failure
114,115,78131a41338361909ae6e81399a5eac2579498bf,992b9a36ee14ce62ac8639c1ec88ba83e375e525,0.7254,Dependency Error|Type Checking,Type Checking
74,83,c434e89bee35d93f4e741c32dc36c5a9a68404df,e36b14dc3ee04beb3f0d8c2b89252eb864ea5c1a,0.7245,Type Checking|Import Error,Type Checking|Import Error
80,183,dc07b7a4e5314d29edb7e9c30d36e12a6dec3dd7,78c5d662bf2145c91356e5185db05a17950b3dc4,0.7245,Test Failure|Type Checking,Type Checking|Import Error
186,192,7da71b58b1eb9b56ac1b4423afd9da61679a706e,8474427eeab92e28766b8051d92e6b46379581e9,0.7244,Import Error|Code Styling,Code Styling|Import Error
482,490,a55d718a92a401e1e0f9d9ad56a588f5ec072d74,c2b5e0bfc9cbe7e066893953cb5a06851e303a54,0.7244,Network,Network
389,405,c00dcda416ea115343732869949ac3b1d872d755,c4ad9dac070fb520b3e6d5a68fa9822a9620b311,0.7242,Code Styling,Code Styling
154,191,18f4596992d6c36ccf9da84ae30083ef65878130,840ad511b904f43678ec438464deb893fda58c8b,0.7238,Code Styling|Import Error,Code Styling|Import Error
158,196,1d0fff71ae9ea258fad3d54257be9ca9b3eb499e,978b0f29982c558b12d775a884ebeea1869c16da,0.7234,Code Styling,Code Styling
181,186,6fe4e00e8863c8da28d241cb65632725de6db64b,7da71b58b1eb9b56ac1b4423afd9da61679a706e,0.7234,Code Styling|Import Error,Import Error|Code Styling
17,20,7440ca51fb0ff3fb94a725fcd278f7fd5ea77c04,537b57d99d10ecbcf8a9835bda18a73ee284d88f,0.7233,Code Formatting,Code Formatting
180,195,6f19da809ef086cec3d81173f2c1b849e81c896d,96cab6eebb5bd0c37a60a93f3e3495fdb08793f9,0.7231,Type Checking,Type Checking
504,517,7b5ea73b4d5ae96d3e764a48f2d123c35e4295d2,a33b26d8520a396ba5dd2de736b63046422ca368,0.7226,Code Styling|Type Checking,Code Styling|Type Checking
186,199,7da71b58b1eb9b56ac1b4423afd9da61679a706e,9ebc254bb14ed052a0ac459d8c109ae8e0c12233,0.7221,Import Error|Code Styling,Code Styling|Import Error
79,192,da9d2e853bd3c3111d4d8864906975c75f7e9888,8474427eeab92e28766b8051d92e6b46379581e9,0.7214,Type Checking|Import Error,Code Styling|Import Error
82,160,e22825fa77b3e549db08147a90c061e695726fb2,233c76da6b91def1e9d09a3fe170578c0bded0aa,0.7212,Code Styling,Code Styling
94,96,5548acee0b31576cae313185aa3c859f88818939,803a8db60cb2ce21c0e3b0ed2b773d2ecc5142bd,0.7209,Test Failure,Test Failure
81,87,dc63689a775dcb8f90cac9824149e21c3a868cc1,f6f8da08fb440f8856510d0837876c41eb182dfc,0.7208,Type Checking,Type Checking
483,461,a75910a20e55e34431db5c3d7626c954b4d4f388,73be451c05da635aa2828a6c3afb6e924da1ca03,0.7204,Code Formatting,Code Formatting|Code Styling
136,436,700c695eea898caaa6fe527ec9957c47e9c3002c,0f47a35383b9379d4ae85795eb9275fbc887e593,0.72,Code Styling,Code Styling
151,193,09c3a7624b042f0af173fb95362fbefbb3d32522,84d26c4b6b5881367cdabfc56d29b50389f1ba92,0.7198,Import Error|Type Checking,Import Error|Type Checking
155,193,1a41bfdce3fbdd13b1269f0acc04885762c39dd1,84d26c4b6b5881367cdabfc56d29b50389f1ba92,0.7193,Type Checking|Import Error,Import Error|Type Checking
191,176,840ad511b904f43678ec438464deb893fda58c8b,6865351833c002710b5e861a4ff6bc05b74afd4b,0.719,Code Styling|Import Error,Code Styling|Import Error
569,571,130a7fc1e0a80a2f0f25f03663afd7fe38493e2c,148c3bae1aa467fb5a22a91f7fa6e4f434032ba1,0.719,Code Styling,Linting
73,78,c27ea5332c1d979ad2fc0c2b09ff571c9538f423,d78ebf9508e112a8d2526ec26bcc37d8e8a2bfa2,0.7184,Import Error,Import Error|Type Checking
155,207,1a41bfdce3fbdd13b1269f0acc04885762c39dd1,b55b03d12d1c33d6fb57e3c36aad243bb089b41c,0.7182,Type Checking|Import Error,Type Checking|Import Error
189,192,82609349d7098fd5ad1c71f0e057f50cd0074404,8474427eeab92e28766b8051d92e6b46379581e9,0.7181,Code Styling|Import Error,Code Styling|Import Error
329,330,2c5abd2cb0b8434be180e7931e1b18e4227dbbb3,34d266419c7e9ea075d674394e5fa567c2720d08,0.7179,Code Styling,Code Styling
11,14,cced5b5d68a3fe1a02d8ac1186e9d12b6c75dc8d,d2f64daf7608d00cb7a8659cfd1dee42c54bb12c,0.7177,Code Formatting,Code Formatting
151,152,09c3a7624b042f0af173fb95362fbefbb3d32522,110e09997f8a22a617e261dec9e301129bbead65,0.7175,Import Error|Type Checking,Test Failure|Type Checking
445,489,02237e2a7e177390256eef0d1beb3a0a8c942acc,bfa16fa84a9e18c196dcfdc90c35a2e8ae1e0437,0.7173,Code Formatting,Code Formatting
108,116,44eb41928c49ec0438728ea76283495461dc2e19,a02c53a0eed80e7332e03b39bac351260afde289,0.7172,Code Styling,Code Styling
172,200,55c8c01643e65d53cf29664e5d5dc6d7307272d6,a19827aa499277f65d5314ace68e2ddee7a25f4c,0.7169,Test Failure|Type Checking,Type Checking|Test Failure
166,173,37c595ac6f390dbccbcfa20f742faa36f34b194a,5f24cca27fe01045314ee6ddb7619e164ada0c91,0.7164,Import Error,Import Error
167,193,39d992d415c335b61f670c31a68c0edc578e5062,84d26c4b6b5881367cdabfc56d29b50389f1ba92,0.7164,Import Error|Type Checking,Import Error|Type Checking
161,209,235e19d6998790dd527e8a43710990aef29359b1,b9a749745c9e91ee446a6ebdda7640d49cac8027,0.7163,Test Failure|Type Checking,Test Failure|Type Checking
232,234,0c72143691d2bd88c3346287b827c1952293e338,44464700849670aefca66ee42eb7e75abd5c1ba3,0.7163,Security,Security
76,165,d1e88b8766d152d7d4e7911a0072591db1eb4bcd,344c0994f4fce22a64ad9c57270679e51b8e66e6,0.716,Import Error|Type Checking|Code Styling,Type Checking|Import Error
106,115,444017d8b29540c809f8a7b6479fcb124f229ab8,992b9a36ee14ce62ac8639c1ec88ba83e375e525,0.7159,Test Failure|Type Checking,Type Checking
76,78,d1e88b8766d152d7d4e7911a0072591db1eb4bcd,d78ebf9508e112a8d2526ec26bcc37d8e8a2bfa2,0.7158,Import Error|Type Checking|Code Styling,Import Error|Type Checking
78,165,d78ebf9508e112a8d2526ec26bcc37d8e8a2bfa2,344c0994f4fce22a64ad9c57270679e51b8e66e6,0.7158,Import Error|Type Checking,Type Checking|Import Error
116,117,a02c53a0eed80e7332e03b39bac351260afde289,a6517d5fc23bbb6be3424924264025b961df3fe2,0.7156,Code Styling,Code Styling|Type Checking
451,446,2e7fac1fa5dc8fc049721d23698810c2d2518adf,083b48256813564d301995020b838bfaf6055d79,0.7152,Code Formatting,Code Formatting
206,208,aef89d7979ff37db1e5e5a75265767e0c460b0ba,b71bbb2badf2b10a82cbf28201187592972c377d,0.715,Type Checking,Type Checking
400,402,c33c39fbc60b7b4c253555282f5f50c051086b41,c3fd06821675215812f41eff838ddfca7a421ba3,0.7145,Test Failure,Test Failure
480,490,9f86e5eaae5340895bc2ff917672bb3d0b8c8a3c,c2b5e0bfc9cbe7e066893953cb5a06851e303a54,0.7143,Network,Network
72,198,c0f40b6ac7f75f8a20f3af07f5277d97188c378f,9b52669238946cd01f9cc5e99a4b6babf0942cdf,0.7138,Code Styling,Code Styling
162,183,3045ad82fb7ebc1182bf5d0a1d64713bec621512,78c5d662bf2145c91356e5185db05a17950b3dc4,0.7138,Code Styling|Import Error,Type Checking|Import Error
86,159,f2436c62292765f014a0dd30a013035abd13c33f,1da36493c0905f61ee6fa58ebf792f993d3579dc,0.7136,Type Checking|Import Error,Import Error|Type Checking
163,192,31d6eba6f9be2ea8fc3bf80efc498075f6241cb5,8474427eeab92e28766b8051d92e6b46379581e9,0.7136,Code Styling|Test Failure,Code Styling|Import Error
89,184,fb10c6e8e2f7ca6d855f8cfeda8bae8f4a644e7c,7b8834b321a97bc57d7a5ac82680c24aff793b91,0.7135,Import Error|Type Checking,Import Error|Type Checking
73,207,c27ea5332c1d979ad2fc0c2b09ff571c9538f423,b55b03d12d1c33d6fb57e3c36aad243bb089b41c,0.7131,Import Error,Type Checking|Import Error
82,169,e22825fa77b3e549db08147a90c061e695726fb2,3ab735577ed448887a8f1f463c73a611a4ca253e,0.7124,Code Styling,Code Styling
150,204,073ad2a4332ae2ea545fd18c601fdf2171d150c6,acdbed3f7aacf32067b3353d653825efd06caeac,0.7122,Type Checking|Import Error,Import Error|Type Checking
167,207,39d992d415c335b61f670c31a68c0edc578e5062,b55b03d12d1c33d6fb57e3c36aad243bb089b41c,0.7119,Import Error|Type Checking,Type Checking|Import Error
152,167,110e09997f8a22a617e261dec9e301129bbead65,39d992d415c335b61f670c31a68c0edc578e5062,0.7113,Test Failure|Type Checking,Import Error|Type Checking
199,176,9ebc254bb14ed052a0ac459d8c109ae8e0c12233,6865351833c002710b5e861a4ff6bc05b74afd4b,0.7111,Code Styling|Import Error,Code Styling|Import Error
339,333,e6d2dc68133f80003d2ac7429bcf7715b8c920d0,95dd5bb1f7ae87cf5ab482420b4dd72454165ff3,0.7106,Static Analysis,Static Analysis
356,347,b1bd65dbd191b318325c4b87d626bb5d7967cda7,03cacd5d36463c63f2fde9f8c8b600e7b3cbdd9b,0.7104,Test Failure|Workflow,Code Styling|Test Failure|Workflow
506,508,80fe937279863ecf49a66640859a9d9dd17ec23b,845e83099b5364b6bede874608bdad62ac318bc9,0.7103,Code Styling,Type Checking
90,152,ff5106ea7e8f83cb7a85bbee6f2299ac736ac860,110e09997f8a22a617e261dec9e301129bbead65,0.7096,Type Checking|Test Failure,Test Failure|Type Checking
460,469,734baee3ea9e591888c79c1976e36c460da45528,8c67faaa0010c3a9195ae073f68410fd60ee3300,0.7096,Code Styling,Static Analysis
535,538,917c6c79402d69402ae4d4229f9a44cb49bf6867,9fa5da63d346f105d76d80a88d8f8adeb15dc991,0.7093,Environment Error,Environment Error
39,42,83b5e4bf130d204fbb25b26a341c62aee4fc2d0f,897a5deb406b53ea2f4675cdf0c2f1fa93fc6238,0.7093,Linting,Code Styling
159,209,1da36493c0905f61ee6fa58ebf792f993d3579dc,b9a749745c9e91ee446a6ebdda7640d49cac8027,0.709,Import Error|Type Checking,Test Failure|Type Checking
103,122,1366645090f139b99f4606faf8cb1f054330213e,cbb7561e4e0d81a027fbd7ff6482fea13ee17398,0.709,Type Checking,Type Checking
181,176,6fe4e00e8863c8da28d241cb65632725de6db64b,6865351833c002710b5e861a4ff6bc05b74afd4b,0.7086,Code Styling|Import Error,Code Styling|Import Error
330,332,34d266419c7e9ea075d674394e5fa567c2720d08,8dc44333c309188f0a8337f20af6f2c01313b0de,0.7081,Code Styling,Static Analysis
151,155,09c3a7624b042f0af173fb95362fbefbb3d32522,1a41bfdce3fbdd13b1269f0acc04885762c39dd1,0.7079,Import Error|Type Checking,Type Checking|Import Error
415,418,e1dbd83b5eccd0a5435563900d30381bb4d4f27a,ed81322247e526f87264c1f8b8e067307cf4a2e3,0.7079,Dependency,Dependency
473,482,926f6108861434b74b89f4836c9ee0f3bd0ebe78,a55d718a92a401e1e0f9d9ad56a588f5ec072d74,0.7077,Network,Network
193,204,84d26c4b6b5881367cdabfc56d29b50389f1ba92,acdbed3f7aacf32067b3353d653825efd06caeac,0.7074,Import Error|Type Checking,Import Error|Type Checking
162,181,3045ad82fb7ebc1182bf5d0a1d64713bec621512,6fe4e00e8863c8da28d241cb65632725de6db64b,0.7069,Code Styling|Import Error,Code Styling|Import Error
90,165,ff5106ea7e8f83cb7a85bbee6f2299ac736ac860,344c0994f4fce22a64ad9c57270679e51b8e66e6,0.7066,Type Checking|Test Failure,Type Checking|Import Error
83,165,e36b14dc3ee04beb3f0d8c2b89252eb864ea5c1a,344c0994f4fce22a64ad9c57270679e51b8e66e6,0.7065,Type Checking|Import Error,Type Checking|Import Error
158,177,1d0fff71ae9ea258fad3d54257be9ca9b3eb499e,69a56c3a1a48f96da4e8c6f71b19dfd71f3f2b8c,0.7065,Code Styling,Code Styling
74,175,c434e89bee35d93f4e741c32dc36c5a9a68404df,67b1780b01f5d7461dc9b3d189d25acecbdb171d,0.7063,Type Checking|Import Error,Type Checking|Import Error|Code Styling
90,200,ff5106ea7e8f83cb7a85bbee6f2299ac736ac860,a19827aa499277f65d5314ace68e2ddee7a25f4c,0.7053,Type Checking|Test Failure,Type Checking|Test Failure
76,295,d1e88b8766d152d7d4e7911a0072591db1eb4bcd,d6626e5de246cce87651793060322ff1b3f7e0c0,0.7051,Import Error|Type Checking|Code Styling,Import Error
155,175,1a41bfdce3fbdd13b1269f0acc04885762c39dd1,67b1780b01f5d7461dc9b3d189d25acecbdb171d,0.7048,Type Checking|Import Error,Type Checking|Import Error|Code Styling
167,184,39d992d415c335b61f670c31a68c0edc578e5062,7b8834b321a97bc57d7a5ac82680c24aff793b91,0.7048,Import Error|Type Checking,Import Error|Type Checking
240,228,ed370d805e4d5d1ec14a136f5b2516751277059f,b0ad27a67681f1b6fb473cc75c642efa1f4941d5,0.7047,Type Checking,Type Checking|Import Error
538,541,9fa5da63d346f105d76d80a88d8f8adeb15dc991,b83cb34fc3527b13da672608f375fedf557d6853,0.7045,Environment Error,Environment Error|Test Failure
152,197,110e09997f8a22a617e261dec9e301129bbead65,98c0877ed94c574c7a6eae2f2eb662bfcef1ba87,0.7034,Test Failure|Type Checking,Test Failure|Type Checking
527,546,459cfd9a9110080f68d50b9ae3b63fa17b0f2f0c,dcba90e30c60bdb723989d610211052f9034bdc8,0.7032,Environment Error|Test Failure,Environment Error|Test Failure
84,184,ede117552a48bee7f674fbfab87d9586f2fabe19,7b8834b321a97bc57d7a5ac82680c24aff793b91,0.7031,Import Error|Type Checking,Import Error|Type Checking
525,533,33e5d459bac7a0bbc907a8e48c36565a9c5b7cc6,724d69aae2ea31412605bf8687fed1abb3a29ba9,0.703,Test Failure,Test Failure
193,202,84d26c4b6b5881367cdabfc56d29b50389f1ba92,a52d22193b0ad09104ad4afdc6adddffeb5b8894,0.7029,Import Error|Type Checking,Type Checking|Import Error
155,202,1a41bfdce3fbdd13b1269f0acc04885762c39dd1,a52d22193b0ad09104ad4afdc6adddffeb5b8894,0.7028,Type Checking|Import Error,Type Checking|Import Error
287,288,73dfb313ca4efa46a4b018ac388ed26040556feb,4846dead90a34de7b3d8addf4ddf36300ccbc6e3,0.7024,Test Failure,Test Failure
73,192,c27ea5332c1d979ad2fc0c2b09ff571c9538f423,8474427eeab92e28766b8051d92e6b46379581e9,0.7013,Import Error,Code Styling|Import Error
86,200,f2436c62292765f014a0dd30a013035abd13c33f,a19827aa499277f65d5314ace68e2ddee7a25f4c,0.7013,Type Checking|Import Error,Type Checking|Test Failure
195,208,96cab6eebb5bd0c37a60a93f3e3495fdb08793f9,b71bbb2badf2b10a82cbf28201187592972c377d,0.7013,Type Checking,Type Checking
82,158,e22825fa77b3e549db08147a90c061e695726fb2,1d0fff71ae9ea258fad3d54257be9ca9b3eb499e,0.7012,Code Styling,Code Styling
459,479,6af171ff8190efbbd9b72aa19b11564279fd37f2,9df3e7857276b4804d1fadc0c33b4df0c6e5c254,0.7011,Network,Network
457,491,4b5b93503e92fd894093b0ddf456abb6ac1a98d3,c46ca36c8e3d00d736d38f01c0f716cd2cade957,0.701,Code Styling|Network Error,Code Formatting|Network Error
351,352,4c8a64962e9e5ed22e05a2e0423a26c83dbb72cc,6775f4c2839c9d529d3984d76610b54d5a8a19db,0.701,Test Failure|Workflow,Test Failure|Workflow Error
162,191,3045ad82fb7ebc1182bf5d0a1d64713bec621512,840ad511b904f43678ec438464deb893fda58c8b,0.7009,Code Styling|Import Error,Code Styling|Import Error
186,200,7da71b58b1eb9b56ac1b4423afd9da61679a706e,a19827aa499277f65d5314ace68e2ddee7a25f4c,0.7009,Import Error|Code Styling,Type Checking|Test Failure
192,207,8474427eeab92e28766b8051d92e6b46379581e9,b55b03d12d1c33d6fb57e3c36aad243bb089b41c,0.7007,Code Styling|Import Error,Type Checking|Import Error
463,451,769e78aa95c081c96ab52c3fb449b6230bb245db,2e7fac1fa5dc8fc049721d23698810c2d2518adf,0.7007,Code Formatting,Code Formatting
504,507,7b5ea73b4d5ae96d3e764a48f2d123c35e4295d2,82fe739a979a58067738c7f97cbb8444f12277d5,0.7007,Code Styling|Type Checking,Type Checking|Code Styling
394,403,c0e7057231ad7ef5d5f90be470a100647ff9d4fb,c413feb604bbcf548863094deafc71c8074493af,0.7006,Code Styling,Code Styling
170,200,4b5113e905468a8710137ff717685e5728e9cadf,a19827aa499277f65d5314ace68e2ddee7a25f4c,0.7005,Import Error|Type Checking,Type Checking|Test Failure
74,192,c434e89bee35d93f4e741c32dc36c5a9a68404df,8474427eeab92e28766b8051d92e6b46379581e9,0.7004,Type Checking|Import Error,Code Styling|Import Error
473,495,926f6108861434b74b89f4836c9ee0f3bd0ebe78,f20dec3285bbb18784f228e767f58580cdbc5251,0.7004,Network,Network
74,86,c434e89bee35d93f4e741c32dc36c5a9a68404df,f2436c62292765f014a0dd30a013035abd13c33f,0.6997,Type Checking|Import Error,Type Checking|Import Error
154,186,18f4596992d6c36ccf9da84ae30083ef65878130,7da71b58b1eb9b56ac1b4423afd9da61679a706e,0.6989,Code Styling|Import Error,Import Error|Code Styling
331,339,6964fcd4152f54ef1091ddb84a102bde8ba8c12f,e6d2dc68133f80003d2ac7429bcf7715b8c920d0,0.6989,Static Analysis,Static Analysis
410,417,d2fc7ed0a8fbbc659c3bc88ed1a352815a3c3e71,ec5fbc16becebb97e5635f2522fcdad3e2340023,0.6988,Dependency Error,Dependency Error
155,184,1a41bfdce3fbdd13b1269f0acc04885762c39dd1,7b8834b321a97bc57d7a5ac82680c24aff793b91,0.6987,Type Checking|Import Error,Import Error|Type Checking
86,209,f2436c62292765f014a0dd30a013035abd13c33f,b9a749745c9e91ee446a6ebdda7640d49cac8027,0.6983,Type Checking|Import Error,Test Failure|Type Checking
168,186,3a9a0b4124d28c2f4735ffad30b83bf4b1c82477,7da71b58b1eb9b56ac1b4423afd9da61679a706e,0.6982,Import Error|Code Styling|Type Checking,Import Error|Code Styling
188,208,7f4d750eaf81c6f8384ed8246180c29bb45ea7bf,b71bbb2badf2b10a82cbf28201187592972c377d,0.698,Type Checking,Type Checking
162,203,3045ad82fb7ebc1182bf5d0a1d64713bec621512,ac2b8825370e010e3875415296d16506d231bb90,0.6977,Code Styling|Import Error,Type Checking|Import Error
182,191,754f4d3afe097bd3d360bb8a186acd95cc2542ea,840ad511b904f43678ec438464deb893fda58c8b,0.6975,Test Failure,Code Styling|Import Error
445,450,02237e2a7e177390256eef0d1beb3a0a8c942acc,256be889efa8d1760e21d71fb905529969c16015,0.6974,Code Formatting,Code Formatting
159,202,1da36493c0905f61ee6fa58ebf792f993d3579dc,a52d22193b0ad09104ad4afdc6adddffeb5b8894,0.6973,Import Error|Type Checking,Type Checking|Import Error
186,207,7da71b58b1eb9b56ac1b4423afd9da61679a706e,b55b03d12d1c33d6fb57e3c36aad243bb089b41c,0.6971,Import Error|Code Styling,Type Checking|Import Error
78,90,d78ebf9508e112a8d2526ec26bcc37d8e8a2bfa2,ff5106ea7e8f83cb7a85bbee6f2299ac736ac860,0.6969,Import Error|Type Checking,Type Checking|Test Failure
535,537,917c6c79402d69402ae4d4229f9a44cb49bf6867,9dc2989bf314072dcfa5ddc2e481df5fc3132b07,0.6969,Environment Error,Test Failure
84,151,ede117552a48bee7f674fbfab87d9586f2fabe19,09c3a7624b042f0af173fb95362fbefbb3d32522,0.6968,Import Error|Type Checking,Import Error|Type Checking
155,167,1a41bfdce3fbdd13b1269f0acc04885762c39dd1,39d992d415c335b61f670c31a68c0edc578e5062,0.6968,Type Checking|Import Error,Import Error|Type Checking
163,186,31d6eba6f9be2ea8fc3bf80efc498075f6241cb5,7da71b58b1eb9b56ac1b4423afd9da61679a706e,0.6966,Code Styling|Test Failure,Import Error|Code Styling
445,474,02237e2a7e177390256eef0d1beb3a0a8c942acc,92c4ad86527a2bae4c7d10f2304f57c7d3d1f531,0.6964,Code Formatting,Code Formatting
83,201,e36b14dc3ee04beb3f0d8c2b89252eb864ea5c1a,a4f765fa10f5588775b757a3b3bafb3194f8ac86,0.6961,Type Checking|Import Error,Import Error|Type Checking
189,203,82609349d7098fd5ad1c71f0e057f50cd0074404,ac2b8825370e010e3875415296d16506d231bb90,0.6959,Code Styling|Import Error,Type Checking|Import Error
278,309,daad35b9c60770a655eaaea4565bf81f63ae1b38,064c3b62f835ae5315b5893b3b4bd98b54e34ffa,0.6955,Code Styling,Code Formatting
79,80,da9d2e853bd3c3111d4d8864906975c75f7e9888,dc07b7a4e5314d29edb7e9c30d36e12a6dec3dd7,0.6951,Type Checking|Import Error,Test Failure|Type Checking
150,184,073ad2a4332ae2ea545fd18c601fdf2171d150c6,7b8834b321a97bc57d7a5ac82680c24aff793b91,0.6951,Type Checking|Import Error,Import Error|Type Checking
87,188,f6f8da08fb440f8856510d0837876c41eb182dfc,7f4d750eaf81c6f8384ed8246180c29bb45ea7bf,0.6948,Type Checking,Type Checking
330,336,34d266419c7e9ea075d674394e5fa567c2720d08,d01e72609895cf1020f3118efb54c523bde6d9af,0.6946,Code Styling,Code Styling
152,155,110e09997f8a22a617e261dec9e301129bbead65,1a41bfdce3fbdd13b1269f0acc04885762c39dd1,0.6945,Test Failure|Type Checking,Type Checking|Import Error
422,423,39b871ce5e33ecaa12e176f850014d7f1a0fc81a,487e1157df0cb267387c26cbb92b9b52077ea31d,0.6944,Test Failure,Test Failure
565,567,0bef3aba9a6f8b20804f2234ab6392359091e965,0d95b133ddb0fa253ec05ebaeef9ec901c6f7237,0.6944,Test Failure,Test Failure
162,163,3045ad82fb7ebc1182bf5d0a1d64713bec621512,31d6eba6f9be2ea8fc3bf80efc498075f6241cb5,0.6943,Code Styling|Import Error,Code Styling|Test Failure
544,546,c69fd6009fd8b027305163e7e4200f6ad67af95a,dcba90e30c60bdb723989d610211052f9034bdc8,0.694,Environment Error|Test Failure,Environment Error|Test Failure
85,195,f06bfb4ef15132a04a3983b4aa40f2e385ef7c04,96cab6eebb5bd0c37a60a93f3e3495fdb08793f9,0.6939,Type Checking,Type Checking
466,488,7c3b428f2344da7888dfe3cc87e2ee9cab8d49f6,bb1cae1a20dd10bce644319d6fc26b1d51c1d666,0.6934,Network Error,Network Error
484,491,ae9efd4a08b946413fb9953a389df6d548068066,c46ca36c8e3d00d736d38f01c0f716cd2cade957,0.6931,Code Formatting,Code Formatting|Network Error
85,129,f06bfb4ef15132a04a3983b4aa40f2e385ef7c04,0309bd9e095b3da3cb01d220541674d3b8e0a803,0.6928,Type Checking,Type Checking
169,171,3ab735577ed448887a8f1f463c73a611a4ca253e,557f5305cd8dc547495ea9bbfec35bee632b63be,0.6926,Code Styling,Code Styling
84,202,ede117552a48bee7f674fbfab87d9586f2fabe19,a52d22193b0ad09104ad4afdc6adddffeb5b8894,0.6924,Import Error|Type Checking,Type Checking|Import Error
74,76,c434e89bee35d93f4e741c32dc36c5a9a68404df,d1e88b8766d152d7d4e7911a0072591db1eb4bcd,0.6921,Type Checking|Import Error,Import Error|Type Checking|Code Styling
150,156,073ad2a4332ae2ea545fd18c601fdf2171d150c6,1a6efefa726610d7ca262beb8e6adf1607829dbb,0.692,Type Checking|Import Error,Type Checking|Import Error
165,205,344c0994f4fce22a64ad9c57270679e51b8e66e6,ae364459a503a2867eeef3ede75f24ad3b5d5839,0.692,Type Checking|Import Error,Import Error
535,546,917c6c79402d69402ae4d4229f9a44cb49bf6867,dcba90e30c60bdb723989d610211052f9034bdc8,0.692,Environment Error,Environment Error|Test Failure
159,186,1da36493c0905f61ee6fa58ebf792f993d3579dc,7da71b58b1eb9b56ac1b4423afd9da61679a706e,0.6917,Import Error|Type Checking,Import Error|Code Styling
154,176,18f4596992d6c36ccf9da84ae30083ef65878130,6865351833c002710b5e861a4ff6bc05b74afd4b,0.6916,Code Styling|Import Error,Code Styling|Import Error
332,334,8dc44333c309188f0a8337f20af6f2c01313b0de,a1741388832b295ac6f4f031820ea292f484c64a,0.6913,Static Analysis,Static Analysis
152,200,110e09997f8a22a617e261dec9e301129bbead65,a19827aa499277f65d5314ace68e2ddee7a25f4c,0.6911,Test Failure|Type Checking,Type Checking|Test Failure
189,176,82609349d7098fd5ad1c71f0e057f50cd0074404,6865351833c002710b5e861a4ff6bc05b74afd4b,0.6911,Code Styling|Import Error,Code Styling|Import Error
464,478,770f97a0a0b3f9c8a1e7f4b55ad99376197e28f2,9cf62fab15cce046bb01baf9d0d312ba4da659c3,0.6902,Code Styling,Code Styling
295,192,d6626e5de246cce87651793060322ff1b3f7e0c0,8474427eeab92e28766b8051d92e6b46379581e9,0.6897,Import Error,Code Styling|Import Error
167,202,39d992d415c335b61f670c31a68c0edc578e5062,a52d22193b0ad09104ad4afdc6adddffeb5b8894,0.6895,Import Error|Type Checking,Type Checking|Import Error
194,205,8c8e822266755d103faa9166aaa4ab3f2aa3e578,ae364459a503a2867eeef3ede75f24ad3b5d5839,0.6895,Import Error,Import Error
186,209,7da71b58b1eb9b56ac1b4423afd9da61679a706e,b9a749745c9e91ee446a6ebdda7640d49cac8027,0.6894,Import Error|Code Styling,Test Failure|Type Checking
74,202,c434e89bee35d93f4e741c32dc36c5a9a68404df,a52d22193b0ad09104ad4afdc6adddffeb5b8894,0.6893,Type Checking|Import Error,Type Checking|Import Error
156,184,1a6efefa726610d7ca262beb8e6adf1607829dbb,7b8834b321a97bc57d7a5ac82680c24aff793b91,0.6893,Type Checking|Import Error,Import Error|Type Checking
152,153,110e09997f8a22a617e261dec9e301129bbead65,16c6139ab089f3cd774175cc7a5bc2e0cbd52699,0.689,Test Failure|Type Checking,Import Error|Type Checking
152,209,110e09997f8a22a617e261dec9e301129bbead65,b9a749745c9e91ee446a6ebdda7640d49cac8027,0.689,Test Failure|Type Checking,Test Failure|Type Checking
74,156,c434e89bee35d93f4e741c32dc36c5a9a68404df,1a6efefa726610d7ca262beb8e6adf1607829dbb,0.6883,Type Checking|Import Error,Type Checking|Import Error
73,295,c27ea5332c1d979ad2fc0c2b09ff571c9538f423,d6626e5de246cce87651793060322ff1b3f7e0c0,0.6881,Import Error,Import Error
89,152,fb10c6e8e2f7ca6d855f8cfeda8bae8f4a644e7c,110e09997f8a22a617e261dec9e301129bbead65,0.6881,Import Error|Type Checking,Test Failure|Type Checking
413,419,dbe785e7397a3849c329fda9c181e9290ac95a2a,f35834221f9415921e1e7f49ecd2db4fb92e1daf,0.6878,Dependency,Dependency
78,189,d78ebf9508e112a8d2526ec26bcc37d8e8a2bfa2,82609349d7098fd5ad1c71f0e057f50cd0074404,0.6872,Import Error|Type Checking,Code Styling|Import Error
155,156,1a41bfdce3fbdd13b1269f0acc04885762c39dd1,1a6efefa726610d7ca262beb8e6adf1607829dbb,0.6872,Type Checking|Import Error,Type Checking|Import Error
172,184,55c8c01643e65d53cf29664e5d5dc6d7307272d6,7b8834b321a97bc57d7a5ac82680c24aff793b91,0.6872,Test Failure|Type Checking,Import Error|Type Checking
72,158,c0f40b6ac7f75f8a20f3af07f5277d97188c378f,1d0fff71ae9ea258fad3d54257be9ca9b3eb499e,0.6868,Code Styling,Code Styling
79,189,da9d2e853bd3c3111d4d8864906975c75f7e9888,82609349d7098fd5ad1c71f0e057f50cd0074404,0.6867,Type Checking|Import Error,Code Styling|Import Error
178,180,6ad4e8d6bb1ea167fa88d68f5396968b713dd7ba,6f19da809ef086cec3d81173f2c1b849e81c896d,0.6867,Type Checking,Type Checking
295,207,d6626e5de246cce87651793060322ff1b3f7e0c0,b55b03d12d1c33d6fb57e3c36aad243bb089b41c,0.6866,Import Error,Type Checking|Import Error
159,165,1da36493c0905f61ee6fa58ebf792f993d3579dc,344c0994f4fce22a64ad9c57270679e51b8e66e6,0.6865,Import Error|Type Checking,Type Checking|Import Error
74,295,c434e89bee35d93f4e741c32dc36c5a9a68404df,d6626e5de246cce87651793060322ff1b3f7e0c0,0.6864,Type Checking|Import Error,Import Error
75,87,ca75b3dc2cfaf4d6a9409109f10b285bdf6a8097,f6f8da08fb440f8856510d0837876c41eb182dfc,0.6863,Type Checking,Type Checking
107,117,44cc14aa3f36dbd14049106933dcd12bdb1fead4,a6517d5fc23bbb6be3424924264025b961df3fe2,0.6863,Type Checking,Code Styling|Type Checking
463,486,769e78aa95c081c96ab52c3fb449b6230bb245db,b5b9507e0e063bd08038c29b13d10a09e66a198d,0.6862,Code Formatting,Code Styling
107,114,44cc14aa3f36dbd14049106933dcd12bdb1fead4,78131a41338361909ae6e81399a5eac2579498bf,0.6858,Type Checking,Dependency Error|Type Checking
181,192,6fe4e00e8863c8da28d241cb65632725de6db64b,8474427eeab92e28766b8051d92e6b46379581e9,0.6855,Code Styling|Import Error,Code Styling|Import Error
74,152,c434e89bee35d93f4e741c32dc36c5a9a68404df,110e09997f8a22a617e261dec9e301129bbead65,0.6853,Type Checking|Import Error,Test Failure|Type Checking
180,206,6f19da809ef086cec3d81173f2c1b849e81c896d,aef89d7979ff37db1e5e5a75265767e0c460b0ba,0.6853,Type Checking,Type Checking
296,186,f6adbaa7d295c83c481fbd8ad452eb1883f42a2c,7da71b58b1eb9b56ac1b4423afd9da61679a706e,0.6851,Import Error|Code Styling,Import Error|Code Styling
197,200,98c0877ed94c574c7a6eae2f2eb662bfcef1ba87,a19827aa499277f65d5314ace68e2ddee7a25f4c,0.6851,Test Failure|Type Checking,Type Checking|Test Failure
445,455,02237e2a7e177390256eef0d1beb3a0a8c942acc,46e4e85039f556a4ddb395d794a161e99045f6ec,0.6851,Code Formatting,Code Formatting
31,32,2a59b55e6124b33dca7f48c12845c78130b20fd5,2f0605c9ec79b7a675728cb525ad55b36ade2e93,0.6851,Code Styling,Code Styling
545,546,c6e622ac4765055bd95f5358a6f19ed3970da9b4,dcba90e30c60bdb723989d610211052f9034bdc8,0.6849,Environment Error|Test Failure,Environment Error|Test Failure
84,207,ede117552a48bee7f674fbfab87d9586f2fabe19,b55b03d12d1c33d6fb57e3c36aad243bb089b41c,0.6848,Import Error|Type Checking,Type Checking|Import Error
113,118,6aee1d58e8ce6402c48325c8c479dae84596d352,a7a139ca8f5d0acdebb205d469166fbe034c2372,0.6847,Type Checking,Type Checking
78,184,d78ebf9508e112a8d2526ec26bcc37d8e8a2bfa2,7b8834b321a97bc57d7a5ac82680c24aff793b91,0.6846,Import Error|Type Checking,Import Error|Type Checking
78,199,d78ebf9508e112a8d2526ec26bcc37d8e8a2bfa2,9ebc254bb14ed052a0ac459d8c109ae8e0c12233,0.6846,Import Error|Type Checking,Code Styling|Import Error
165,184,344c0994f4fce22a64ad9c57270679e51b8e66e6,7b8834b321a97bc57d7a5ac82680c24aff793b91,0.6846,Type Checking|Import Error,Import Error|Type Checking
480,495,9f86e5eaae5340895bc2ff917672bb3d0b8c8a3c,f20dec3285bbb18784f228e767f58580cdbc5251,0.6844,Network,Network
280,309,219bc58c7f1bfe425ddc1d628ff5cda9639afc1e,064c3b62f835ae5315b5893b3b4bd98b54e34ffa,0.6842,Code Formatting,Code Formatting
156,186,1a6efefa726610d7ca262beb8e6adf1607829dbb,7da71b58b1eb9b56ac1b4423afd9da61679a706e,0.6839,Type Checking|Import Error,Import Error|Code Styling
152,156,110e09997f8a22a617e261dec9e301129bbead65,1a6efefa726610d7ca262beb8e6adf1607829dbb,0.6838,Test Failure|Type Checking,Type Checking|Import Error
506,514,80fe937279863ecf49a66640859a9d9dd17ec23b,9c2fddfc969337f28739a65dcbed6d3ca0e65d6e,0.6837,Code Styling,Code Formatting
74,201,c434e89bee35d93f4e741c32dc36c5a9a68404df,a4f765fa10f5588775b757a3b3bafb3194f8ac86,0.6836,Type Checking|Import Error,Import Error|Type Checking
525,531,33e5d459bac7a0bbc907a8e48c36565a9c5b7cc6,6bba89ef571ce4e6cc51725bb6f64080153e0f0a,0.6836,Test Failure,Test Failure
378,383,b80cb885466e25f0de4304f14493d6cff6c7ba20,bbe646cb38f74b164402f9eac9ee486176f22b8d,0.6834,Test Failure,Test Failure
507,508,82fe739a979a58067738c7f97cbb8444f12277d5,845e83099b5364b6bede874608bdad62ac318bc9,0.6833,Type Checking|Code Styling,Type Checking
91,177,ff8929ce168fb87cf50f6a52e4cc3b12b8fd5e2e,69a56c3a1a48f96da4e8c6f71b19dfd71f3f2b8c,0.683,Import Error|Code Styling,Code Styling
186,202,7da71b58b1eb9b56ac1b4423afd9da61679a706e,a52d22193b0ad09104ad4afdc6adddffeb5b8894,0.6829,Import Error|Code Styling,Type Checking|Import Error
89,207,fb10c6e8e2f7ca6d855f8cfeda8bae8f4a644e7c,b55b03d12d1c33d6fb57e3c36aad243bb089b41c,0.6826,Import Error|Type Checking,Type Checking|Import Error
113,115,6aee1d58e8ce6402c48325c8c479dae84596d352,992b9a36ee14ce62ac8639c1ec88ba83e375e525,0.6826,Type Checking,Type Checking
79,205,da9d2e853bd3c3111d4d8864906975c75f7e9888,ae364459a503a2867eeef3ede75f24ad3b5d5839,0.6825,Type Checking|Import Error,Import Error
89,202,fb10c6e8e2f7ca6d855f8cfeda8bae8f4a644e7c,a52d22193b0ad09104ad4afdc6adddffeb5b8894,0.6825,Import Error|Type Checking,Type Checking|Import Error
82,177,e22825fa77b3e549db08147a90c061e695726fb2,69a56c3a1a48f96da4e8c6f71b19dfd71f3f2b8c,0.6822,Code Styling,Code Styling
133,132,166f99e7023eb1ab623926aa8ce743e7fb2a6d50,1559358d5679d353417ef140c1894997b4c7160f,0.6821,Type Checking,Type Checking
337,333,d1fc8665c79e298c95cecc5e770fd2454ff5aada,95dd5bb1f7ae87cf5ab482420b4dd72454165ff3,0.6821,Static Analysis,Static Analysis
464,493,770f97a0a0b3f9c8a1e7f4b55ad99376197e28f2,e693b7399ee5911784f4ac4defb28baf9587f984,0.6819,Code Styling,Code Styling
175,186,67b1780b01f5d7461dc9b3d189d25acecbdb171d,7da71b58b1eb9b56ac1b4423afd9da61679a706e,0.6816,Type Checking|Import Error|Code Styling,Import Error|Code Styling
506,507,80fe937279863ecf49a66640859a9d9dd17ec23b,82fe739a979a58067738c7f97cbb8444f12277d5,0.6815,Code Styling,Type Checking|Code Styling
78,203,d78ebf9508e112a8d2526ec26bcc37d8e8a2bfa2,ac2b8825370e010e3875415296d16506d231bb90,0.6813,Import Error|Type Checking,Type Checking|Import Error
295,205,d6626e5de246cce87651793060322ff1b3f7e0c0,ae364459a503a2867eeef3ede75f24ad3b5d5839,0.6812,Import Error,Import Error
160,199,233c76da6b91def1e9d09a3fe170578c0bded0aa,9ebc254bb14ed052a0ac459d8c109ae8e0c12233,0.6806,Code Styling,Code Styling|Import Error
199,207,9ebc254bb14ed052a0ac459d8c109ae8e0c12233,b55b03d12d1c33d6fb57e3c36aad243bb089b41c,0.6805,Code Styling|Import Error,Type Checking|Import Error
502,508,76dde6d520faf6beef94f3522da08d2fd6d0d372,845e83099b5364b6bede874608bdad62ac318bc9,0.6804,Type Checking,Type Checking
78,152,d78ebf9508e112a8d2526ec26bcc37d8e8a2bfa2,110e09997f8a22a617e261dec9e301129bbead65,0.6802,Import Error|Type Checking,Test Failure|Type Checking
74,200,c434e89bee35d93f4e741c32dc36c5a9a68404df,a19827aa499277f65d5314ace68e2ddee7a25f4c,0.68,Type Checking|Import Error,Type Checking|Test Failure
152,186,110e09997f8a22a617e261dec9e301129bbead65,7da71b58b1eb9b56ac1b4423afd9da61679a706e,0.6798,Test Failure|Type Checking,Import Error|Code Styling
150,193,073ad2a4332ae2ea545fd18c601fdf2171d150c6,84d26c4b6b5881367cdabfc56d29b50389f1ba92,0.6796,Type Checking|Import Error,Import Error|Type Checking
168,176,3a9a0b4124d28c2f4735ffad30b83bf4b1c82477,6865351833c002710b5e861a4ff6bc05b74afd4b,0.6796,Import Error|Code Styling|Type Checking,Code Styling|Import Error
78,153,d78ebf9508e112a8d2526ec26bcc37d8e8a2bfa2,16c6139ab089f3cd774175cc7a5bc2e0cbd52699,0.6793,Import Error|Type Checking,Import Error|Type Checking
197,207,98c0877ed94c574c7a6eae2f2eb662bfcef1ba87,b55b03d12d1c33d6fb57e3c36aad243bb089b41c,0.6793,Test Failure|Type Checking,Type Checking|Import Error
459,482,6af171ff8190efbbd9b72aa19b11564279fd37f2,a55d718a92a401e1e0f9d9ad56a588f5ec072d74,0.6793,Network,Network
479,495,9df3e7857276b4804d1fadc0c33b4df0c6e5c254,f20dec3285bbb18784f228e767f58580cdbc5251,0.6792,Network,Network
500,518,6ddeb2324ee74fde5f816427b0a2c933e1205d12,a45d6ed960156b41ffc8168a07719c49655cf40b,0.679,Code Styling|Type Checking,Code Styling|Type Checking
75,85,ca75b3dc2cfaf4d6a9409109f10b285bdf6a8097,f06bfb4ef15132a04a3983b4aa40f2e385ef7c04,0.6788,Type Checking,Type Checking
159,184,1da36493c0905f61ee6fa58ebf792f993d3579dc,7b8834b321a97bc57d7a5ac82680c24aff793b91,0.6785,Import Error|Type Checking,Import Error|Type Checking
181,191,6fe4e00e8863c8da28d241cb65632725de6db64b,840ad511b904f43678ec438464deb893fda58c8b,0.6784,Code Styling|Import Error,Code Styling|Import Error
192,205,8474427eeab92e28766b8051d92e6b46379581e9,ae364459a503a2867eeef3ede75f24ad3b5d5839,0.6784,Code Styling|Import Error,Import Error
175,207,67b1780b01f5d7461dc9b3d189d25acecbdb171d,b55b03d12d1c33d6fb57e3c36aad243bb089b41c,0.6782,Type Checking|Import Error|Code Styling,Type Checking|Import Error
479,490,9df3e7857276b4804d1fadc0c33b4df0c6e5c254,c2b5e0bfc9cbe7e066893953cb5a06851e303a54,0.6782,Network,Network
87,195,f6f8da08fb440f8856510d0837876c41eb182dfc,96cab6eebb5bd0c37a60a93f3e3495fdb08793f9,0.678,Type Checking,Type Checking
76,152,d1e88b8766d152d7d4e7911a0072591db1eb4bcd,110e09997f8a22a617e261dec9e301129bbead65,0.6779,Import Error|Type Checking|Code Styling,Test Failure|Type Checking
80,165,dc07b7a4e5314d29edb7e9c30d36e12a6dec3dd7,344c0994f4fce22a64ad9c57270679e51b8e66e6,0.6776,Test Failure|Type Checking,Type Checking|Import Error
378,380,b80cb885466e25f0de4304f14493d6cff6c7ba20,b9f8134e8fde8560545d73ff924ed9ed7e490ef9,0.6776,Test Failure,Test Failure
508,513,845e83099b5364b6bede874608bdad62ac318bc9,9bb69bd3d47cee279dd2a63d65476ad37d0398dd,0.6776,Type Checking,Type Checking
335,333,abc695c3074f1400432fd74ecc75d50f439147b3,95dd5bb1f7ae87cf5ab482420b4dd72454165ff3,0.6776,Static Analysis,Static Analysis
86,156,f2436c62292765f014a0dd30a013035abd13c33f,1a6efefa726610d7ca262beb8e6adf1607829dbb,0.6775,Type Checking|Import Error,Type Checking|Import Error
89,172,fb10c6e8e2f7ca6d855f8cfeda8bae8f4a644e7c,55c8c01643e65d53cf29664e5d5dc6d7307272d6,0.6775,Import Error|Type Checking,Test Failure|Type Checking
418,419,ed81322247e526f87264c1f8b8e067307cf4a2e3,f35834221f9415921e1e7f49ecd2db4fb92e1daf,0.6775,Dependency,Dependency
184,186,7b8834b321a97bc57d7a5ac82680c24aff793b91,7da71b58b1eb9b56ac1b4423afd9da61679a706e,0.6772,Import Error|Type Checking,Import Error|Code Styling
331,332,6964fcd4152f54ef1091ddb84a102bde8ba8c12f,8dc44333c309188f0a8337f20af6f2c01313b0de,0.6772,Static Analysis,Static Analysis
87,164,f6f8da08fb440f8856510d0837876c41eb182dfc,33ed019c7f623b9fb89b1430b38c7e7a7aefa57c,0.677,Type Checking,Type Checking
529,546,511a9296c9215864baf1a1a7ae843ccfa0efdfd9,dcba90e30c60bdb723989d610211052f9034bdc8,0.677,Environment Error|Runtime Error|Test Failure,Environment Error|Test Failure
76,205,d1e88b8766d152d7d4e7911a0072591db1eb4bcd,ae364459a503a2867eeef3ede75f24ad3b5d5839,0.6766,Import Error|Type Checking|Code Styling,Import Error
459,480,6af171ff8190efbbd9b72aa19b11564279fd37f2,9f86e5eaae5340895bc2ff917672bb3d0b8c8a3c,0.6766,Network,Network
108,119,44eb41928c49ec0438728ea76283495461dc2e19,af6a0b457a537777e1e18111b49dbe9abfffb2cd,0.6766,Code Styling,Code Styling|Network Error
84,192,ede117552a48bee7f674fbfab87d9586f2fabe19,8474427eeab92e28766b8051d92e6b46379581e9,0.6762,Import Error|Type Checking,Code Styling|Import Error
135,137,668b6127c95ae34b03f404321b94337c846166d2,7c228365e8de18c41dfe96d6035bc7c528663f2b,0.6762,Type Checking,Type Checking
409,417,d1d58073979cfb6eb10b25f18aa061b137c20c3a,ec5fbc16becebb97e5635f2522fcdad3e2340023,0.676,Dependency Error,Dependency Error
187,192,7efb1f09096dd41ea09b30ceb17746686931d1cf,8474427eeab92e28766b8051d92e6b46379581e9,0.6758,Code Styling|Import Error,Code Styling|Import Error
73,187,c27ea5332c1d979ad2fc0c2b09ff571c9538f423,7efb1f09096dd41ea09b30ceb17746686931d1cf,0.6757,Import Error,Code Styling|Import Error
475,482,9388a2af668cc9def219ceca43c66a649bdc69d0,a55d718a92a401e1e0f9d9ad56a588f5ec072d74,0.6756,Network,Network
513,515,9bb69bd3d47cee279dd2a63d65476ad37d0398dd,9f1e1bd929f24c15a85450be0835ca82fa187cd2,0.6756,Type Checking,Type Checking
78,202,d78ebf9508e112a8d2526ec26bcc37d8e8a2bfa2,a52d22193b0ad09104ad4afdc6adddffeb5b8894,0.675,Import Error|Type Checking,Type Checking|Import Error
78,205,d78ebf9508e112a8d2526ec26bcc37d8e8a2bfa2,ae364459a503a2867eeef3ede75f24ad3b5d5839,0.6747,Import Error|Type Checking,Import Error
152,193,110e09997f8a22a617e261dec9e301129bbead65,84d26c4b6b5881367cdabfc56d29b50389f1ba92,0.6747,Test Failure|Type Checking,Import Error|Type Checking
517,518,a33b26d8520a396ba5dd2de736b63046422ca368,a45d6ed960156b41ffc8168a07719c49655cf40b,0.6745,Code Styling|Type Checking,Code Styling|Type Checking
527,535,459cfd9a9110080f68d50b9ae3b63fa17b0f2f0c,917c6c79402d69402ae4d4229f9a44cb49bf6867,0.6744,Environment Error|Test Failure,Environment Error
89,183,fb10c6e8e2f7ca6d855f8cfeda8bae8f4a644e7c,78c5d662bf2145c91356e5185db05a17950b3dc4,0.6743,Import Error|Type Checking,Type Checking|Import Error
79,184,da9d2e853bd3c3111d4d8864906975c75f7e9888,7b8834b321a97bc57d7a5ac82680c24aff793b91,0.6742,Type Checking|Import Error,Import Error|Type Checking
172,183,55c8c01643e65d53cf29664e5d5dc6d7307272d6,78c5d662bf2145c91356e5185db05a17950b3dc4,0.674,Test Failure|Type Checking,Type Checking|Import Error
172,197,55c8c01643e65d53cf29664e5d5dc6d7307272d6,98c0877ed94c574c7a6eae2f2eb662bfcef1ba87,0.674,Test Failure|Type Checking,Test Failure|Type Checking
75,195,ca75b3dc2cfaf4d6a9409109f10b285bdf6a8097,96cab6eebb5bd0c37a60a93f3e3495fdb08793f9,0.6738,Type Checking,Type Checking
157,189,1c533e0065df6fa2c1c75c23125cdc5e8c12ce3c,82609349d7098fd5ad1c71f0e057f50cd0074404,0.6738,Import Error|Code Styling,Code Styling|Import Error
77,192,d340b3a337398d539f38101282d09dd5e9966354,8474427eeab92e28766b8051d92e6b46379581e9,0.6737,Import Error,Code Styling|Import Error
168,204,3a9a0b4124d28c2f4735ffad30b83bf4b1c82477,acdbed3f7aacf32067b3353d653825efd06caeac,0.6731,Import Error|Code Styling|Type Checking,Import Error|Type Checking
73,76,c27ea5332c1d979ad2fc0c2b09ff571c9538f423,d1e88b8766d152d7d4e7911a0072591db1eb4bcd,0.6727,Import Error,Import Error|Type Checking|Code Styling
78,159,d78ebf9508e112a8d2526ec26bcc37d8e8a2bfa2,1da36493c0905f61ee6fa58ebf792f993d3579dc,0.6725,Import Error|Type Checking,Import Error|Type Checking
167,186,39d992d415c335b61f670c31a68c0edc578e5062,7da71b58b1eb9b56ac1b4423afd9da61679a706e,0.6725,Import Error|Type Checking,Import Error|Code Styling
75,206,ca75b3dc2cfaf4d6a9409109f10b285bdf6a8097,aef89d7979ff37db1e5e5a75265767e0c460b0ba,0.6724,Type Checking,Type Checking
566,567,0ca45f6bc5636846b3aeaf10321cb07218bc23f3,0d95b133ddb0fa253ec05ebaeef9ec901c6f7237,0.6724,Test Failure,Test Failure
75,208,ca75b3dc2cfaf4d6a9409109f10b285bdf6a8097,b71bbb2badf2b10a82cbf28201187592972c377d,0.6722,Type Checking,Type Checking
86,202,f2436c62292765f014a0dd30a013035abd13c33f,a52d22193b0ad09104ad4afdc6adddffeb5b8894,0.6722,Type Checking|Import Error,Type Checking|Import Error
78,209,d78ebf9508e112a8d2526ec26bcc37d8e8a2bfa2,b9a749745c9e91ee446a6ebdda7640d49cac8027,0.672,Import Error|Type Checking,Test Failure|Type Checking
157,205,1c533e0065df6fa2c1c75c23125cdc5e8c12ce3c,ae364459a503a2867eeef3ede75f24ad3b5d5839,0.672,Import Error|Code Styling,Import Error
334,333,a1741388832b295ac6f4f031820ea292f484c64a,95dd5bb1f7ae87cf5ab482420b4dd72454165ff3,0.6717,Static Analysis,Static Analysis
78,192,d78ebf9508e112a8d2526ec26bcc37d8e8a2bfa2,8474427eeab92e28766b8051d92e6b46379581e9,0.6716,Import Error|Type Checking,Code Styling|Import Error
375,432,248a0b8e6a790d65a3e47ce1972967cdf5baf786,cec8c72b4609f69a21bebd233c2662fa7bdd078b,0.6715,Linting,Linting
544,545,c69fd6009fd8b027305163e7e4200f6ad67af95a,c6e622ac4765055bd95f5358a6f19ed3970da9b4,0.6713,Environment Error|Test Failure,Environment Error|Test Failure
78,175,d78ebf9508e112a8d2526ec26bcc37d8e8a2bfa2,67b1780b01f5d7461dc9b3d189d25acecbdb171d,0.6711,Import Error|Type Checking,Type Checking|Import Error|Code Styling
479,482,9df3e7857276b4804d1fadc0c33b4df0c6e5c254,a55d718a92a401e1e0f9d9ad56a588f5ec072d74,0.6709,Network,Network
82,198,e22825fa77b3e549db08147a90c061e695726fb2,9b52669238946cd01f9cc5e99a4b6babf0942cdf,0.6703,Code Styling,Code Styling
89,193,fb10c6e8e2f7ca6d855f8cfeda8bae8f4a644e7c,84d26c4b6b5881367cdabfc56d29b50389f1ba92,0.6703,Import Error|Type Checking,Import Error|Type Checking
184,204,7b8834b321a97bc57d7a5ac82680c24aff793b91,acdbed3f7aacf32067b3353d653825efd06caeac,0.6703,Import Error|Type Checking,Import Error|Type Checking
529,545,511a9296c9215864baf1a1a7ae843ccfa0efdfd9,c6e622ac4765055bd95f5358a6f19ed3970da9b4,0.6699,Environment Error|Runtime Error|Test Failure,Environment Error|Test Failure
83,207,e36b14dc3ee04beb3f0d8c2b89252eb864ea5c1a,b55b03d12d1c33d6fb57e3c36aad243bb089b41c,0.6697,Type Checking|Import Error,Type Checking|Import Error
172,175,55c8c01643e65d53cf29664e5d5dc6d7307272d6,67b1780b01f5d7461dc9b3d189d25acecbdb171d,0.6696,Test Failure|Type Checking,Type Checking|Import Error|Code Styling
140,132,c9766a5e3d0c982cd148a391e63fb0f7c386b17e,1559358d5679d353417ef140c1894997b4c7160f,0.6695,Type Checking,Type Checking
89,204,fb10c6e8e2f7ca6d855f8cfeda8bae8f4a644e7c,acdbed3f7aacf32067b3353d653825efd06caeac,0.6694,Import Error|Type Checking,Import Error|Type Checking
195,206,96cab6eebb5bd0c37a60a93f3e3495fdb08793f9,aef89d7979ff37db1e5e5a75265767e0c460b0ba,0.6694,Type Checking,Type Checking
463,493,769e78aa95c081c96ab52c3fb449b6230bb245db,e693b7399ee5911784f4ac4defb28baf9587f984,0.6693,Code Formatting,Code Styling
79,186,da9d2e853bd3c3111d4d8864906975c75f7e9888,7da71b58b1eb9b56ac1b4423afd9da61679a706e,0.6692,Type Checking|Import Error,Import Error|Code Styling
79,202,da9d2e853bd3c3111d4d8864906975c75f7e9888,a52d22193b0ad09104ad4afdc6adddffeb5b8894,0.6692,Type Checking|Import Error,Type Checking|Import Error
507,515,82fe739a979a58067738c7f97cbb8444f12277d5,9f1e1bd929f24c15a85450be0835ca82fa187cd2,0.6692,Type Checking|Code Styling,Type Checking
86,183,f2436c62292765f014a0dd30a013035abd13c33f,78c5d662bf2145c91356e5185db05a17950b3dc4,0.6691,Type Checking|Import Error,Type Checking|Import Error
159,207,1da36493c0905f61ee6fa58ebf792f993d3579dc,b55b03d12d1c33d6fb57e3c36aad243bb089b41c,0.6689,Import Error|Type Checking,Type Checking|Import Error
77,189,d340b3a337398d539f38101282d09dd5e9966354,82609349d7098fd5ad1c71f0e057f50cd0074404,0.6687,Import Error,Code Styling|Import Error
150,168,073ad2a4332ae2ea545fd18c601fdf2171d150c6,3a9a0b4124d28c2f4735ffad30b83bf4b1c82477,0.6687,Type Checking|Import Error,Import Error|Code Styling|Type Checking
181,199,6fe4e00e8863c8da28d241cb65632725de6db64b,9ebc254bb14ed052a0ac459d8c109ae8e0c12233,0.6687,Code Styling|Import Error,Code Styling|Import Error
508,515,845e83099b5364b6bede874608bdad62ac318bc9,9f1e1bd929f24c15a85450be0835ca82fa187cd2,0.6686,Type Checking,Type Checking
471,491,8fd7325232883e144ae2afda75f0ae100f30fd20,c46ca36c8e3d00d736d38f01c0f716cd2cade957,0.6685,Code Styling,Code Formatting|Network Error
150,152,073ad2a4332ae2ea545fd18c601fdf2171d150c6,110e09997f8a22a617e261dec9e301129bbead65,0.6684,Type Checking|Import Error,Test Failure|Type Checking
535,541,917c6c79402d69402ae4d4229f9a44cb49bf6867,b83cb34fc3527b13da672608f375fedf557d6853,0.6684,Environment Error,Environment Error|Test Failure
29,31,616eb3b10db94cf4a4c209377f36b2ce995bd01c,2a59b55e6124b33dca7f48c12845c78130b20fd5,0.6684,Code Formatting,Code Styling
257,258,bbfcebbc60b0bc5d238af2941a175f019d5b2aa4,0b806e8ab76c7c89d77ba91d827fbe0d52ec97b0,0.6682,Code Styling|Dependency Error,Code Formatting|Dependency Error
88,184,fa597eab63defb9e7e146e73c6ee23fb00f16284,7b8834b321a97bc57d7a5ac82680c24aff793b91,0.6681,Test Failure|Type Checking,Import Error|Type Checking
395,398,c1403f5eff1e82c734b26cd56894654dcee4d502,c2b2c04d2b5fdc5462e0db7eb8847aa85c31b5d9,0.6676,Type Checking,Type Checking
184,193,7b8834b321a97bc57d7a5ac82680c24aff793b91,84d26c4b6b5881367cdabfc56d29b50389f1ba92,0.6673,Import Error|Type Checking,Import Error|Type Checking
471,484,8fd7325232883e144ae2afda75f0ae100f30fd20,ae9efd4a08b946413fb9953a389df6d548068066,0.6672,Code Styling,Code Formatting
73,186,c27ea5332c1d979ad2fc0c2b09ff571c9538f423,7da71b58b1eb9b56ac1b4423afd9da61679a706e,0.6671,Import Error,Import Error|Code Styling
140,133,c9766a5e3d0c982cd148a391e63fb0f7c386b17e,166f99e7023eb1ab623926aa8ce743e7fb2a6d50,0.6671,Type Checking,Type Checking
78,86,d78ebf9508e112a8d2526ec26bcc37d8e8a2bfa2,f2436c62292765f014a0dd30a013035abd13c33f,0.6665,Import Error|Type Checking,Type Checking|Import Error
177,176,69a56c3a1a48f96da4e8c6f71b19dfd71f3f2b8c,6865351833c002710b5e861a4ff6bc05b74afd4b,0.6664,Code Styling,Code Styling|Import Error
183,184,78c5d662bf2145c91356e5185db05a17950b3dc4,7b8834b321a97bc57d7a5ac82680c24aff793b91,0.6663,Type Checking|Import Error,Import Error|Type Checking
504,518,7b5ea73b4d5ae96d3e764a48f2d123c35e4295d2,a45d6ed960156b41ffc8168a07719c49655cf40b,0.6663,Code Styling|Type Checking,Code Styling|Type Checking
414,419,e067bbd31dc6889b33989fa6f38609e9e58969a0,f35834221f9415921e1e7f49ecd2db4fb92e1daf,0.6662,Dependency,Dependency
155,172,1a41bfdce3fbdd13b1269f0acc04885762c39dd1,55c8c01643e65d53cf29664e5d5dc6d7307272d6,0.6658,Type Checking|Import Error,Test Failure|Type Checking
74,184,c434e89bee35d93f4e741c32dc36c5a9a68404df,7b8834b321a97bc57d7a5ac82680c24aff793b91,0.6656,Type Checking|Import Error,Import Error|Type Checking
90,184,ff5106ea7e8f83cb7a85bbee6f2299ac736ac860,7b8834b321a97bc57d7a5ac82680c24aff793b91,0.6655,Type Checking|Test Failure,Import Error|Type Checking
330,338,34d266419c7e9ea075d674394e5fa567c2720d08,e2105a08c4f170a19caf838d8a84e13271a77334,0.6655,Code Styling,Code Styling
76,202,d1e88b8766d152d7d4e7911a0072591db1eb4bcd,a52d22193b0ad09104ad4afdc6adddffeb5b8894,0.6654,Import Error|Type Checking|Code Styling,Type Checking|Import Error
86,90,f2436c62292765f014a0dd30a013035abd13c33f,ff5106ea7e8f83cb7a85bbee6f2299ac736ac860,0.6652,Type Checking|Import Error,Type Checking|Test Failure
162,187,3045ad82fb7ebc1182bf5d0a1d64713bec621512,7efb1f09096dd41ea09b30ceb17746686931d1cf,0.6648,Code Styling|Import Error,Code Styling|Import Error
332,335,8dc44333c309188f0a8337f20af6f2c01313b0de,abc695c3074f1400432fd74ecc75d50f439147b3,0.6648,Static Analysis,Static Analysis
175,184,67b1780b01f5d7461dc9b3d189d25acecbdb171d,7b8834b321a97bc57d7a5ac82680c24aff793b91,0.6646,Type Checking|Import Error|Code Styling,Import Error|Type Checking
186,201,7da71b58b1eb9b56ac1b4423afd9da61679a706e,a4f765fa10f5588775b757a3b3bafb3194f8ac86,0.6646,Import Error|Code Styling,Import Error|Type Checking
81,208,dc63689a775dcb8f90cac9824149e21c3a868cc1,b71bbb2badf2b10a82cbf28201187592972c377d,0.6642,Type Checking,Type Checking
90,197,ff5106ea7e8f83cb7a85bbee6f2299ac736ac860,98c0877ed94c574c7a6eae2f2eb662bfcef1ba87,0.6641,Type Checking|Test Failure,Test Failure|Type Checking
86,176,f2436c62292765f014a0dd30a013035abd13c33f,6865351833c002710b5e861a4ff6bc05b74afd4b,0.6636,Type Checking|Import Error,Code Styling|Import Error
172,204,55c8c01643e65d53cf29664e5d5dc6d7307272d6,acdbed3f7aacf32067b3353d653825efd06caeac,0.6636,Test Failure|Type Checking,Import Error|Type Checking
493,446,e693b7399ee5911784f4ac4defb28baf9587f984,083b48256813564d301995020b838bfaf6055d79,0.6635,Code Styling,Code Formatting
447,488,091b008384f701eda98979586e9f051aeb6ab7e6,bb1cae1a20dd10bce644319d6fc26b1d51c1d666,0.6633,Network Error,Network Error
113,111,6aee1d58e8ce6402c48325c8c479dae84596d352,66718a2530fcc65c0adfa0a6ea380e1978c12ebe,0.6633,Type Checking,Test Failure|Type Checking
409,410,d1d58073979cfb6eb10b25f18aa061b137c20c3a,d2fc7ed0a8fbbc659c3bc88ed1a352815a3c3e71,0.6632,Dependency Error,Dependency Error
156,162,1a6efefa726610d7ca262beb8e6adf1607829dbb,3045ad82fb7ebc1182bf5d0a1d64713bec621512,0.663,Type Checking|Import Error,Code Styling|Import Error
162,179,3045ad82fb7ebc1182bf5d0a1d64713bec621512,6e5f3fc6534025b5711d84f144d3071f1ff403d2,0.6629,Code Styling|Import Error,Import Error|Code Styling
72,177,c0f40b6ac7f75f8a20f3af07f5277d97188c378f,69a56c3a1a48f96da4e8c6f71b19dfd71f3f2b8c,0.6625,Code Styling,Code Styling
86,162,f2436c62292765f014a0dd30a013035abd13c33f,3045ad82fb7ebc1182bf5d0a1d64713bec621512,0.6625,Type Checking|Import Error,Code Styling|Import Error
173,182,5f24cca27fe01045314ee6ddb7619e164ada0c91,754f4d3afe097bd3d360bb8a186acd95cc2542ea,0.6625,Import Error,Test Failure
108,112,44eb41928c49ec0438728ea76283495461dc2e19,6aec23d104a077af68fbcf236630ed69d6d965ac,0.6625,Code Styling,Code Styling
81,180,dc63689a775dcb8f90cac9824149e21c3a868cc1,6f19da809ef086cec3d81173f2c1b849e81c896d,0.6624,Type Checking,Type Checking
91,191,ff8929ce168fb87cf50f6a52e4cc3b12b8fd5e2e,840ad511b904f43678ec438464deb893fda58c8b,0.6624,Import Error|Code Styling,Code Styling|Import Error
74,159,c434e89bee35d93f4e741c32dc36c5a9a68404df,1da36493c0905f61ee6fa58ebf792f993d3579dc,0.6622,Type Checking|Import Error,Import Error|Type Checking
188,206,7f4d750eaf81c6f8384ed8246180c29bb45ea7bf,aef89d7979ff37db1e5e5a75265767e0c460b0ba,0.6622,Type Checking,Type Checking
181,187,6fe4e00e8863c8da28d241cb65632725de6db64b,7efb1f09096dd41ea09b30ceb17746686931d1cf,0.6621,Code Styling|Import Error,Code Styling|Import Error
112,102,6aec23d104a077af68fbcf236630ed69d6d965ac,07c55e7c8bee5b60d9d9647d647f89bec137ef4d,0.662,Code Styling,Code Styling
76,192,d1e88b8766d152d7d4e7911a0072591db1eb4bcd,8474427eeab92e28766b8051d92e6b46379581e9,0.6615,Import Error|Type Checking|Code Styling,Code Styling|Import Error
452,486,35bcc1e64e7a71cdf06972952cdcebe52cc6a6e9,b5b9507e0e063bd08038c29b13d10a09e66a198d,0.6615,Code Formatting,Code Styling
136,138,700c695eea898caaa6fe527ec9957c47e9c3002c,92f010054982b709ab300f53b9a8bd407ab51e3f,0.6615,Code Styling,Code Styling
84,152,ede117552a48bee7f674fbfab87d9586f2fabe19,110e09997f8a22a617e261dec9e301129bbead65,0.6612,Import Error|Type Checking,Test Failure|Type Checking
469,458,8c67faaa0010c3a9195ae073f68410fd60ee3300,5b325d99df8607748c1c3653cc42730a135bd53d,0.6612,Static Analysis,Static Analysis
109,119,5f98672f68c7f4acdf3e6f68fd79e66b56d0b529,af6a0b457a537777e1e18111b49dbe9abfffb2cd,0.6612,Code Formatting,Code Styling|Network Error
107,109,44cc14aa3f36dbd14049106933dcd12bdb1fead4,5f98672f68c7f4acdf3e6f68fd79e66b56d0b529,0.6611,Type Checking,Code Formatting
427,433,946865a335e58efdaee920affe3f3fe737f292b6,d461f312431b69d9e3a4068b50fca6449fd34940,0.6609,Linting,Linting
74,167,c434e89bee35d93f4e741c32dc36c5a9a68404df,39d992d415c335b61f670c31a68c0edc578e5062,0.6607,Type Checking|Import Error,Import Error|Type Checking
534,546,7e7ae9921daa1d1c5c74e8f3f8852333b3cd7c53,dcba90e30c60bdb723989d610211052f9034bdc8,0.6605,Import Error|Environment Error|Test Failure,Environment Error|Test Failure
189,191,82609349d7098fd5ad1c71f0e057f50cd0074404,840ad511b904f43678ec438464deb893fda58c8b,0.6603,Code Styling|Import Error,Code Styling|Import Error
189,205,82609349d7098fd5ad1c71f0e057f50cd0074404,ae364459a503a2867eeef3ede75f24ad3b5d5839,0.6602,Code Styling|Import Error,Import Error
179,176,6e5f3fc6534025b5711d84f144d3071f1ff403d2,6865351833c002710b5e861a4ff6bc05b74afd4b,0.6599,Import Error|Code Styling,Code Styling|Import Error
527,539,459cfd9a9110080f68d50b9ae3b63fa17b0f2f0c,af5fcb21859b6be4d60ee75ffdec5ef326932b6d,0.6598,Environment Error|Test Failure,Environment|Test Failure
378,396,b80cb885466e25f0de4304f14493d6cff6c7ba20,c18a9ef7091afb77bfdcc44b11809cd8c9274652,0.6597,Test Failure,Test Failure
82,187,e22825fa77b3e549db08147a90c061e695726fb2,7efb1f09096dd41ea09b30ceb17746686931d1cf,0.6596,Code Styling,Code Styling|Import Error
163,189,31d6eba6f9be2ea8fc3bf80efc498075f6241cb5,82609349d7098fd5ad1c71f0e057f50cd0074404,0.6595,Code Styling|Test Failure,Code Styling|Import Error
472,476,91a466d66855d3123a7fc03f9685de730f724895,99d0e8fb13e8389c1c8ea51be1193f674aa47034,0.6594,Code Styling|Network Error,Linting
160,169,233c76da6b91def1e9d09a3fe170578c0bded0aa,3ab735577ed448887a8f1f463c73a611a4ca253e,0.6592,Code Styling,Code Styling
86,170,f2436c62292765f014a0dd30a013035abd13c33f,4b5113e905468a8710137ff717685e5728e9cadf,0.6587,Type Checking|Import Error,Import Error|Type Checking
112,119,6aec23d104a077af68fbcf236630ed69d6d965ac,af6a0b457a537777e1e18111b49dbe9abfffb2cd,0.6586,Code Styling,Code Styling|Network Error
74,77,c434e89bee35d93f4e741c32dc36c5a9a68404df,d340b3a337398d539f38101282d09dd5e9966354,0.6584,Type Checking|Import Error,Import Error
24,25,d985231d83ec0cb50784548dae26236dd03bd2a6,5b9b7a0f0f73cc0257f1b41b4904dc9056e9baa1,0.6584,Linting,Code Formatting
79,151,da9d2e853bd3c3111d4d8864906975c75f7e9888,09c3a7624b042f0af173fb95362fbefbb3d32522,0.658,Type Checking|Import Error,Import Error|Type Checking
74,90,c434e89bee35d93f4e741c32dc36c5a9a68404df,ff5106ea7e8f83cb7a85bbee6f2299ac736ac860,0.6578,Type Checking|Import Error,Type Checking|Test Failure
86,175,f2436c62292765f014a0dd30a013035abd13c33f,67b1780b01f5d7461dc9b3d189d25acecbdb171d,0.6578,Type Checking|Import Error,Type Checking|Import Error|Code Styling
464,446,770f97a0a0b3f9c8a1e7f4b55ad99376197e28f2,083b48256813564d301995020b838bfaf6055d79,0.6574,Code Styling,Code Formatting
114,121,78131a41338361909ae6e81399a5eac2579498bf,c3a3944a6d50067aa5937e22e97eac0a64631f47,0.6574,Dependency Error|Type Checking,Type Checking|Dependency Error
507,518,82fe739a979a58067738c7f97cbb8444f12277d5,a45d6ed960156b41ffc8168a07719c49655cf40b,0.6574,Type Checking|Code Styling,Code Styling|Type Checking
486,493,b5b9507e0e063bd08038c29b13d10a09e66a198d,e693b7399ee5911784f4ac4defb28baf9587f984,0.6572,Code Styling,Code Styling
315,254,48674ee71fd28378322b16a8796b2288507831bd,11bab0fb5ed6c9b67ae9a4de2694c2fda47e2b62,0.6571,Code Formatting,Code Formatting
197,209,98c0877ed94c574c7a6eae2f2eb662bfcef1ba87,b9a749745c9e91ee446a6ebdda7640d49cac8027,0.6569,Test Failure|Type Checking,Test Failure|Type Checking
152,204,110e09997f8a22a617e261dec9e301129bbead65,acdbed3f7aacf32067b3353d653825efd06caeac,0.6568,Test Failure|Type Checking,Import Error|Type Checking
163,181,31d6eba6f9be2ea8fc3bf80efc498075f6241cb5,6fe4e00e8863c8da28d241cb65632725de6db64b,0.6565,Code Styling|Test Failure,Code Styling|Import Error
378,386,b80cb885466e25f0de4304f14493d6cff6c7ba20,be303e1d1fbff72f804da366b171ac94b4286acc,0.6565,Test Failure,Test Failure
114,126,78131a41338361909ae6e81399a5eac2579498bf,ed13d89504c50a1b3f5d9757b74c7aaf38356150,0.6565,Dependency Error|Type Checking,Static Analysis|Type Checking
87,180,f6f8da08fb440f8856510d0837876c41eb182dfc,6f19da809ef086cec3d81173f2c1b849e81c896d,0.6564,Type Checking,Type Checking
78,80,d78ebf9508e112a8d2526ec26bcc37d8e8a2bfa2,dc07b7a4e5314d29edb7e9c30d36e12a6dec3dd7,0.6563,Import Error|Type Checking,Test Failure|Type Checking
160,189,233c76da6b91def1e9d09a3fe170578c0bded0aa,82609349d7098fd5ad1c71f0e057f50cd0074404,0.6563,Code Styling,Code Styling|Import Error
175,193,67b1780b01f5d7461dc9b3d189d25acecbdb171d,84d26c4b6b5881367cdabfc56d29b50389f1ba92,0.6562,Type Checking|Import Error|Code Styling,Import Error|Type Checking
88,152,fa597eab63defb9e7e146e73c6ee23fb00f16284,110e09997f8a22a617e261dec9e301129bbead65,0.656,Test Failure|Type Checking,Test Failure|Type Checking
107,116,44cc14aa3f36dbd14049106933dcd12bdb1fead4,a02c53a0eed80e7332e03b39bac351260afde289,0.656,Type Checking,Code Styling
48,49,028ad1efee2c41691d78e5a4de90ebd6f8236cad,c9991372b81edabb86965638db110ab930f8e165,0.656,Code Formatting,Code Styling
336,333,d01e72609895cf1020f3118efb54c523bde6d9af,95dd5bb1f7ae87cf5ab482420b4dd72454165ff3,0.6559,Code Styling,Static Analysis
179,182,6e5f3fc6534025b5711d84f144d3071f1ff403d2,754f4d3afe097bd3d360bb8a186acd95cc2542ea,0.6556,Import Error|Code Styling,Test Failure
541,544,b83cb34fc3527b13da672608f375fedf557d6853,c69fd6009fd8b027305163e7e4200f6ad67af95a,0.6556,Environment Error|Test Failure,Environment Error|Test Failure
86,207,f2436c62292765f014a0dd30a013035abd13c33f,b55b03d12d1c33d6fb57e3c36aad243bb089b41c,0.6555,Type Checking|Import Error,Type Checking|Import Error
74,189,c434e89bee35d93f4e741c32dc36c5a9a68404df,82609349d7098fd5ad1c71f0e057f50cd0074404,0.6554,Type Checking|Import Error,Code Styling|Import Error
82,171,e22825fa77b3e549db08147a90c061e695726fb2,557f5305cd8dc547495ea9bbfec35bee632b63be,0.6554,Code Styling,Code Styling
159,205,1da36493c0905f61ee6fa58ebf792f993d3579dc,ae364459a503a2867eeef3ede75f24ad3b5d5839,0.6553,Import Error|Type Checking,Import Error
383,387,bbe646cb38f74b164402f9eac9ee486176f22b8d,beb9de2399518898238ae072750ada0050e774cc,0.6552,Test Failure,Import Error
329,336,2c5abd2cb0b8434be180e7931e1b18e4227dbbb3,d01e72609895cf1020f3118efb54c523bde6d9af,0.6552,Code Styling,Code Styling
78,156,d78ebf9508e112a8d2526ec26bcc37d8e8a2bfa2,1a6efefa726610d7ca262beb8e6adf1607829dbb,0.6551,Import Error|Type Checking,Type Checking|Import Error
78,295,d78ebf9508e112a8d2526ec26bcc37d8e8a2bfa2,d6626e5de246cce87651793060322ff1b3f7e0c0,0.655,Import Error|Type Checking,Import Error
527,534,459cfd9a9110080f68d50b9ae3b63fa17b0f2f0c,7e7ae9921daa1d1c5c74e8f3f8852333b3cd7c53,0.655,Environment Error|Test Failure,Import Error|Environment Error|Test Failure
526,527,44cf736f9ad32392d86c990b2c3140d0ef359fd2,459cfd9a9110080f68d50b9ae3b63fa17b0f2f0c,0.6548,Environment Error,Environment Error|Test Failure
464,486,770f97a0a0b3f9c8a1e7f4b55ad99376197e28f2,b5b9507e0e063bd08038c29b13d10a09e66a198d,0.6543,Code Styling,Code Styling
183,202,78c5d662bf2145c91356e5185db05a17950b3dc4,a52d22193b0ad09104ad4afdc6adddffeb5b8894,0.6542,Type Checking|Import Error,Type Checking|Import Error
172,209,55c8c01643e65d53cf29664e5d5dc6d7307272d6,b9a749745c9e91ee446a6ebdda7640d49cac8027,0.6539,Test Failure|Type Checking,Test Failure|Type Checking
106,126,444017d8b29540c809f8a7b6479fcb124f229ab8,ed13d89504c50a1b3f5d9757b74c7aaf38356150,0.6535,Test Failure|Type Checking,Static Analysis|Type Checking
80,207,dc07b7a4e5314d29edb7e9c30d36e12a6dec3dd7,b55b03d12d1c33d6fb57e3c36aad243bb089b41c,0.6534,Test Failure|Type Checking,Type Checking|Import Error
81,195,dc63689a775dcb8f90cac9824149e21c3a868cc1,96cab6eebb5bd0c37a60a93f3e3495fdb08793f9,0.6534,Type Checking,Type Checking
191,192,840ad511b904f43678ec438464deb893fda58c8b,8474427eeab92e28766b8051d92e6b46379581e9,0.6534,Code Styling|Import Error,Code Styling|Import Error
73,151,c27ea5332c1d979ad2fc0c2b09ff571c9538f423,09c3a7624b042f0af173fb95362fbefbb3d32522,0.653,Import Error,Import Error|Type Checking
74,155,c434e89bee35d93f4e741c32dc36c5a9a68404df,1a41bfdce3fbdd13b1269f0acc04885762c39dd1,0.6528,Type Checking|Import Error,Type Checking|Import Error
86,203,f2436c62292765f014a0dd30a013035abd13c33f,ac2b8825370e010e3875415296d16506d231bb90,0.6527,Type Checking|Import Error,Type Checking|Import Error
79,201,da9d2e853bd3c3111d4d8864906975c75f7e9888,a4f765fa10f5588775b757a3b3bafb3194f8ac86,0.6526,Type Checking|Import Error,Import Error|Type Checking
165,191,344c0994f4fce22a64ad9c57270679e51b8e66e6,840ad511b904f43678ec438464deb893fda58c8b,0.6521,Type Checking|Import Error,Code Styling|Import Error
186,203,7da71b58b1eb9b56ac1b4423afd9da61679a706e,ac2b8825370e010e3875415296d16506d231bb90,0.652,Import Error|Code Styling,Type Checking|Import Error
73,202,c27ea5332c1d979ad2fc0c2b09ff571c9538f423,a52d22193b0ad09104ad4afdc6adddffeb5b8894,0.6517,Import Error,Type Checking|Import Error
89,167,fb10c6e8e2f7ca6d855f8cfeda8bae8f4a644e7c,39d992d415c335b61f670c31a68c0edc578e5062,0.6517,Import Error|Type Checking,Import Error|Type Checking
523,527,2bc817d871c542da601633e6ba1db878bd9bb1fc,459cfd9a9110080f68d50b9ae3b63fa17b0f2f0c,0.6515,Environment Error|Test Failure,Environment Error|Test Failure
529,539,511a9296c9215864baf1a1a7ae843ccfa0efdfd9,af5fcb21859b6be4d60ee75ffdec5ef326932b6d,0.6515,Environment Error|Runtime Error|Test Failure,Environment|Test Failure
85,180,f06bfb4ef15132a04a3983b4aa40f2e385ef7c04,6f19da809ef086cec3d81173f2c1b849e81c896d,0.6513,Type Checking,Type Checking
172,207,55c8c01643e65d53cf29664e5d5dc6d7307272d6,b55b03d12d1c33d6fb57e3c36aad243bb089b41c,0.651,Test Failure|Type Checking,Type Checking|Import Error
74,151,c434e89bee35d93f4e741c32dc36c5a9a68404df,09c3a7624b042f0af173fb95362fbefbb3d32522,0.6508,Type Checking|Import Error,Import Error|Type Checking
77,187,d340b3a337398d539f38101282d09dd5e9966354,7efb1f09096dd41ea09b30ceb17746686931d1cf,0.6505,Import Error,Code Styling|Import Error
156,159,1a6efefa726610d7ca262beb8e6adf1607829dbb,1da36493c0905f61ee6fa58ebf792f993d3579dc,0.6505,Type Checking|Import Error,Import Error|Type Checking
175,200,67b1780b01f5d7461dc9b3d189d25acecbdb171d,a19827aa499277f65d5314ace68e2ddee7a25f4c,0.6505,Type Checking|Import Error|Code Styling,Type Checking|Test Failure
165,202,344c0994f4fce22a64ad9c57270679e51b8e66e6,a52d22193b0ad09104ad4afdc6adddffeb5b8894,0.6503,Type Checking|Import Error,Type Checking|Import Error
265,266,261adce4ce40a3fbd323f79ba7823cf8523a8110,4e9d6740404d5413fce712e489e74fdb28c263ad,0.6503,Code Styling|Build,Build|Code Styling
91,176,ff8929ce168fb87cf50f6a52e4cc3b12b8fd5e2e,6865351833c002710b5e861a4ff6bc05b74afd4b,0.6502,Import Error|Code Styling,Code Styling|Import Error
169,176,3ab735577ed448887a8f1f463c73a611a4ca253e,6865351833c002710b5e861a4ff6bc05b74afd4b,0.6502,Code Styling,Code Styling|Import Error
169,198,3ab735577ed448887a8f1f463c73a611a4ca253e,9b52669238946cd01f9cc5e99a4b6babf0942cdf,0.65,Code Styling,Code Styling
115,118,992b9a36ee14ce62ac8639c1ec88ba83e375e525,a7a139ca8f5d0acdebb205d469166fbe034c2372,0.6498,Type Checking,Type Checking
76,159,d1e88b8766d152d7d4e7911a0072591db1eb4bcd,1da36493c0905f61ee6fa58ebf792f993d3579dc,0.6497,Import Error|Type Checking|Code Styling,Import Error|Type Checking
447,466,091b008384f701eda98979586e9f051aeb6ab7e6,7c3b428f2344da7888dfe3cc87e2ee9cab8d49f6,0.6496,Network Error,Network Error
172,188,55c8c01643e65d53cf29664e5d5dc6d7307272d6,7f4d750eaf81c6f8384ed8246180c29bb45ea7bf,0.6495,Test Failure|Type Checking,Type Checking
76,184,d1e88b8766d152d7d4e7911a0072591db1eb4bcd,7b8834b321a97bc57d7a5ac82680c24aff793b91,0.6494,Import Error|Type Checking|Code Styling,Import Error|Type Checking
151,172,09c3a7624b042f0af173fb95362fbefbb3d32522,55c8c01643e65d53cf29664e5d5dc6d7307272d6,0.6492,Import Error|Type Checking,Test Failure|Type Checking
112,117,6aec23d104a077af68fbcf236630ed69d6d965ac,a6517d5fc23bbb6be3424924264025b961df3fe2,0.649,Code Styling,Code Styling|Type Checking
91,169,ff8929ce168fb87cf50f6a52e4cc3b12b8fd5e2e,3ab735577ed448887a8f1f463c73a611a4ca253e,0.6489,Import Error|Code Styling,Code Styling
81,206,dc63689a775dcb8f90cac9824149e21c3a868cc1,aef89d7979ff37db1e5e5a75265767e0c460b0ba,0.6487,Type Checking,Type Checking
76,199,d1e88b8766d152d7d4e7911a0072591db1eb4bcd,9ebc254bb14ed052a0ac459d8c109ae8e0c12233,0.6486,Import Error|Type Checking|Code Styling,Code Styling|Import Error
89,186,fb10c6e8e2f7ca6d855f8cfeda8bae8f4a644e7c,7da71b58b1eb9b56ac1b4423afd9da61679a706e,0.6486,Import Error|Type Checking,Import Error|Code Styling
179,186,6e5f3fc6534025b5711d84f144d3071f1ff403d2,7da71b58b1eb9b56ac1b4423afd9da61679a706e,0.6484,Import Error|Code Styling,Import Error|Code Styling
74,209,c434e89bee35d93f4e741c32dc36c5a9a68404df,b9a749745c9e91ee446a6ebdda7640d49cac8027,0.6483,Type Checking|Import Error,Test Failure|Type Checking
497,506,5da261310ba61373d9546eaa6a817049ca75b9c5,80fe937279863ecf49a66640859a9d9dd17ec23b,0.6481,Code Styling,Code Styling
47,48,3dd8e4404a0ce2e29db4911dc2cd7e94755be631,028ad1efee2c41691d78e5a4de90ebd6f8236cad,0.6481,Code Styling,Code Formatting
76,77,d1e88b8766d152d7d4e7911a0072591db1eb4bcd,d340b3a337398d539f38101282d09dd5e9966354,0.648,Import Error|Type Checking|Code Styling,Import Error
529,534,511a9296c9215864baf1a1a7ae843ccfa0efdfd9,7e7ae9921daa1d1c5c74e8f3f8852333b3cd7c53,0.6478,Environment Error|Runtime Error|Test Failure,Import Error|Environment Error|Test Failure
73,166,c27ea5332c1d979ad2fc0c2b09ff571c9538f423,37c595ac6f390dbccbcfa20f742faa36f34b194a,0.6477,Import Error,Import Error
86,155,f2436c62292765f014a0dd30a013035abd13c33f,1a41bfdce3fbdd13b1269f0acc04885762c39dd1,0.6475,Type Checking|Import Error,Type Checking|Import Error
79,156,da9d2e853bd3c3111d4d8864906975c75f7e9888,1a6efefa726610d7ca262beb8e6adf1607829dbb,0.6474,Type Checking|Import Error,Type Checking|Import Error
198,199,9b52669238946cd01f9cc5e99a4b6babf0942cdf,9ebc254bb14ed052a0ac459d8c109ae8e0c12233,0.6472,Code Styling,Code Styling|Import Error
426,430,8efb5578f2c0b9ad8e539bb79ff522c50d3bb771,ab4ebf9a9dc3c4ee40947141afdbc96a981d1ed5,0.6472,Dependency,Test Failure
77,191,d340b3a337398d539f38101282d09dd5e9966354,840ad511b904f43678ec438464deb893fda58c8b,0.6471,Import Error,Code Styling|Import Error
334,335,a1741388832b295ac6f4f031820ea292f484c64a,abc695c3074f1400432fd74ecc75d50f439147b3,0.6471,Static Analysis,Static Analysis
86,165,f2436c62292765f014a0dd30a013035abd13c33f,344c0994f4fce22a64ad9c57270679e51b8e66e6,0.647,Type Checking|Import Error,Type Checking|Import Error
73,165,c27ea5332c1d979ad2fc0c2b09ff571c9538f423,344c0994f4fce22a64ad9c57270679e51b8e66e6,0.6469,Import Error,Type Checking|Import Error
78,201,d78ebf9508e112a8d2526ec26bcc37d8e8a2bfa2,a4f765fa10f5588775b757a3b3bafb3194f8ac86,0.6469,Import Error|Type Checking,Import Error|Type Checking
84,155,ede117552a48bee7f674fbfab87d9586f2fabe19,1a41bfdce3fbdd13b1269f0acc04885762c39dd1,0.6469,Import Error|Type Checking,Type Checking|Import Error
167,175,39d992d415c335b61f670c31a68c0edc578e5062,67b1780b01f5d7461dc9b3d189d25acecbdb171d,0.6469,Import Error|Type Checking,Type Checking|Import Error|Code Styling
184,209,7b8834b321a97bc57d7a5ac82680c24aff793b91,b9a749745c9e91ee446a6ebdda7640d49cac8027,0.6469,Import Error|Type Checking,Test Failure|Type Checking
163,187,31d6eba6f9be2ea8fc3bf80efc498075f6241cb5,7efb1f09096dd41ea09b30ceb17746686931d1cf,0.6468,Code Styling|Test Failure,Code Styling|Import Error
184,197,7b8834b321a97bc57d7a5ac82680c24aff793b91,98c0877ed94c574c7a6eae2f2eb662bfcef1ba87,0.6468,Import Error|Type Checking,Test Failure|Type Checking
89,189,fb10c6e8e2f7ca6d855f8cfeda8bae8f4a644e7c,82609349d7098fd5ad1c71f0e057f50cd0074404,0.6465,Import Error|Type Checking,Code Styling|Import Error
464,469,770f97a0a0b3f9c8a1e7f4b55ad99376197e28f2,8c67faaa0010c3a9195ae073f68410fd60ee3300,0.6465,Code Styling,Static Analysis
74,205,c434e89bee35d93f4e741c32dc36c5a9a68404df,ae364459a503a2867eeef3ede75f24ad3b5d5839,0.6463,Type Checking|Import Error,Import Error
78,200,d78ebf9508e112a8d2526ec26bcc37d8e8a2bfa2,a19827aa499277f65d5314ace68e2ddee7a25f4c,0.6461,Import Error|Type Checking,Type Checking|Test Failure
88,90,fa597eab63defb9e7e146e73c6ee23fb00f16284,ff5106ea7e8f83cb7a85bbee6f2299ac736ac860,0.6461,Test Failure|Type Checking,Type Checking|Test Failure
157,199,1c533e0065df6fa2c1c75c23125cdc5e8c12ce3c,9ebc254bb14ed052a0ac459d8c109ae8e0c12233,0.6461,Import Error|Code Styling,Code Styling|Import Error
373,374,bad6b76af688c10ecd094e8e7d9c14a20e1137a7,ceac7609b4d07be6653735414990c9218fc4eac8,0.6461,Dependency Error,Dependency Error
79,84,da9d2e853bd3c3111d4d8864906975c75f7e9888,ede117552a48bee7f674fbfab87d9586f2fabe19,0.6459,Type Checking|Import Error,Import Error|Type Checking
540,538,b41c3a617f8b67bd12b40558e6ce45fcfe18be16,9fa5da63d346f105d76d80a88d8f8adeb15dc991,0.6458,Environment,Environment Error
156,206,1a6efefa726610d7ca262beb8e6adf1607829dbb,aef89d7979ff37db1e5e5a75265767e0c460b0ba,0.6455,Type Checking|Import Error,Type Checking
74,203,c434e89bee35d93f4e741c32dc36c5a9a68404df,ac2b8825370e010e3875415296d16506d231bb90,0.6451,Type Checking|Import Error,Type Checking|Import Error
512,517,88c4f3ff124763577043c1741057863ee519f9b2,a33b26d8520a396ba5dd2de736b63046422ca368,0.6451,Type Checking|Code Formatting,Code Styling|Type Checking
78,88,d78ebf9508e112a8d2526ec26bcc37d8e8a2bfa2,fa597eab63defb9e7e146e73c6ee23fb00f16284,0.6449,Import Error|Type Checking,Test Failure|Type Checking
153,159,16c6139ab089f3cd774175cc7a5bc2e0cbd52699,1da36493c0905f61ee6fa58ebf792f993d3579dc,0.6449,Import Error|Type Checking,Import Error|Type Checking
540,544,b41c3a617f8b67bd12b40558e6ce45fcfe18be16,c69fd6009fd8b027305163e7e4200f6ad67af95a,0.6447,Environment,Environment Error|Test Failure
78,89,d78ebf9508e112a8d2526ec26bcc37d8e8a2bfa2,fb10c6e8e2f7ca6d855f8cfeda8bae8f4a644e7c,0.6446,Import Error|Type Checking,Import Error|Type Checking
529,533,511a9296c9215864baf1a1a7ae843ccfa0efdfd9,724d69aae2ea31412605bf8687fed1abb3a29ba9,0.6445,Environment Error|Runtime Error|Test Failure,Test Failure
30,32,d4ca3713b196de2aee52fd0344d0eb9a9eaada64,2f0605c9ec79b7a675728cb525ad55b36ade2e93,0.6445,Code Styling,Code Styling
75,180,ca75b3dc2cfaf4d6a9409109f10b285bdf6a8097,6f19da809ef086cec3d81173f2c1b849e81c896d,0.6444,Type Checking,Type Checking
90,172,ff5106ea7e8f83cb7a85bbee6f2299ac736ac860,55c8c01643e65d53cf29664e5d5dc6d7307272d6,0.6444,Type Checking|Test Failure,Test Failure|Type Checking
152,203,110e09997f8a22a617e261dec9e301129bbead65,ac2b8825370e010e3875415296d16506d231bb90,0.6444,Test Failure|Type Checking,Type Checking|Import Error
166,182,37c595ac6f390dbccbcfa20f742faa36f34b194a,754f4d3afe097bd3d360bb8a186acd95cc2542ea,0.6444,Import Error,Test Failure
180,188,6f19da809ef086cec3d81173f2c1b849e81c896d,7f4d750eaf81c6f8384ed8246180c29bb45ea7bf,0.6444,Type Checking,Type Checking
535,545,917c6c79402d69402ae4d4229f9a44cb49bf6867,c6e622ac4765055bd95f5358a6f19ed3970da9b4,0.6443,Environment Error,Environment Error|Test Failure
78,151,d78ebf9508e112a8d2526ec26bcc37d8e8a2bfa2,09c3a7624b042f0af173fb95362fbefbb3d32522,0.6442,Import Error|Type Checking,Import Error|Type Checking
163,191,31d6eba6f9be2ea8fc3bf80efc498075f6241cb5,840ad511b904f43678ec438464deb893fda58c8b,0.644,Code Styling|Test Failure,Code Styling|Import Error
77,167,d340b3a337398d539f38101282d09dd5e9966354,39d992d415c335b61f670c31a68c0edc578e5062,0.6437,Import Error,Import Error|Type Checking
175,203,67b1780b01f5d7461dc9b3d189d25acecbdb171d,ac2b8825370e010e3875415296d16506d231bb90,0.6436,Type Checking|Import Error|Code Styling,Type Checking|Import Error
88,209,fa597eab63defb9e7e146e73c6ee23fb00f16284,b9a749745c9e91ee446a6ebdda7640d49cac8027,0.6435,Test Failure|Type Checking,Test Failure|Type Checking
152,159,110e09997f8a22a617e261dec9e301129bbead65,1da36493c0905f61ee6fa58ebf792f993d3579dc,0.6435,Test Failure|Type Checking,Import Error|Type Checking
76,156,d1e88b8766d152d7d4e7911a0072591db1eb4bcd,1a6efefa726610d7ca262beb8e6adf1607829dbb,0.6433,Import Error|Type Checking|Code Styling,Type Checking|Import Error
296,176,f6adbaa7d295c83c481fbd8ad452eb1883f42a2c,6865351833c002710b5e861a4ff6bc05b74afd4b,0.6433,Import Error|Code Styling,Code Styling|Import Error
516,511,a0e2fac3caab48e049f40f221414d3dc648c6326,87ef1325e80dbb82693c7e59dff4f4f37d68da65,0.6433,Type Checking,Type Checking
186,170,7da71b58b1eb9b56ac1b4423afd9da61679a706e,4b5113e905468a8710137ff717685e5728e9cadf,0.6431,Import Error|Code Styling,Import Error|Type Checking
506,509,80fe937279863ecf49a66640859a9d9dd17ec23b,851f22cb8db8b8a426589f405dc91b75efbe234c,0.6431,Code Styling,Code Styling
328,330,285c5e3cc5594117a716edb859fc4b83c5e0bffd,34d266419c7e9ea075d674394e5fa567c2720d08,0.6428,Code Styling,Code Styling
121,124,c3a3944a6d50067aa5937e22e97eac0a64631f47,da7ae359227a089cedf0b7aba53962766e7eb0b2,0.6427,Type Checking|Dependency Error,Type Checking|Dependency Error
160,187,233c76da6b91def1e9d09a3fe170578c0bded0aa,7efb1f09096dd41ea09b30ceb17746686931d1cf,0.6425,Code Styling,Code Styling|Import Error
375,429,248a0b8e6a790d65a3e47ce1972967cdf5baf786,a1890457665c07d1a31b62684d57e8c4aa98bc0f,0.6425,Linting,Linting
152,165,110e09997f8a22a617e261dec9e301129bbead65,344c0994f4fce22a64ad9c57270679e51b8e66e6,0.6424,Test Failure|Type Checking,Type Checking|Import Error
86,152,f2436c62292765f014a0dd30a013035abd13c33f,110e09997f8a22a617e261dec9e301129bbead65,0.6423,Type Checking|Import Error,Test Failure|Type Checking
73,156,c27ea5332c1d979ad2fc0c2b09ff571c9538f423,1a6efefa726610d7ca262beb8e6adf1607829dbb,0.6422,Import Error,Type Checking|Import Error
84,89,ede117552a48bee7f674fbfab87d9586f2fabe19,fb10c6e8e2f7ca6d855f8cfeda8bae8f4a644e7c,0.6421,Import Error|Type Checking,Import Error|Type Checking
89,203,fb10c6e8e2f7ca6d855f8cfeda8bae8f4a644e7c,ac2b8825370e010e3875415296d16506d231bb90,0.642,Import Error|Type Checking,Type Checking|Import Error
107,126,44cc14aa3f36dbd14049106933dcd12bdb1fead4,ed13d89504c50a1b3f5d9757b74c7aaf38356150,0.642,Type Checking,Static Analysis|Type Checking
505,515,7d72b013e4ef17166f056cdd94741156d0001114,9f1e1bd929f24c15a85450be0835ca82fa187cd2,0.642,Type Checking,Type Checking
80,204,dc07b7a4e5314d29edb7e9c30d36e12a6dec3dd7,acdbed3f7aacf32067b3353d653825efd06caeac,0.6418,Test Failure|Type Checking,Import Error|Type Checking
77,159,d340b3a337398d539f38101282d09dd5e9966354,1da36493c0905f61ee6fa58ebf792f993d3579dc,0.6417,Import Error,Import Error|Type Checking
375,433,248a0b8e6a790d65a3e47ce1972967cdf5baf786,d461f312431b69d9e3a4068b50fca6449fd34940,0.6417,Linting,Linting
81,178,dc63689a775dcb8f90cac9824149e21c3a868cc1,6ad4e8d6bb1ea167fa88d68f5396968b713dd7ba,0.6416,Type Checking,Type Checking
137,133,7c228365e8de18c41dfe96d6035bc7c528663f2b,166f99e7023eb1ab623926aa8ce743e7fb2a6d50,0.6415,Type Checking,Type Checking
78,83,d78ebf9508e112a8d2526ec26bcc37d8e8a2bfa2,e36b14dc3ee04beb3f0d8c2b89252eb864ea5c1a,0.6414,Import Error|Type Checking,Type Checking|Import Error
493,451,e693b7399ee5911784f4ac4defb28baf9587f984,2e7fac1fa5dc8fc049721d23698810c2d2518adf,0.6414,Code Styling,Code Formatting
475,480,9388a2af668cc9def219ceca43c66a649bdc69d0,9f86e5eaae5340895bc2ff917672bb3d0b8c8a3c,0.6411,Network,Network
560,567,033df9f74d897a258ccc62d712bdcf192308be62,0d95b133ddb0fa253ec05ebaeef9ec901c6f7237,0.6411,Import Error,Test Failure
74,89,c434e89bee35d93f4e741c32dc36c5a9a68404df,fb10c6e8e2f7ca6d855f8cfeda8bae8f4a644e7c,0.6407,Type Checking|Import Error,Import Error|Type Checking
150,207,073ad2a4332ae2ea545fd18c601fdf2171d150c6,b55b03d12d1c33d6fb57e3c36aad243bb089b41c,0.6407,Type Checking|Import Error,Type Checking|Import Error
151,175,09c3a7624b042f0af173fb95362fbefbb3d32522,67b1780b01f5d7461dc9b3d189d25acecbdb171d,0.6407,Import Error|Type Checking,Type Checking|Import Error|Code Styling
522,518,ab9c7f77e0f9f30dc850a0e808f8eacace0a4b2b,a45d6ed960156b41ffc8168a07719c49655cf40b,0.6406,Code Styling,Code Styling|Type Checking
201,207,a4f765fa10f5588775b757a3b3bafb3194f8ac86,b55b03d12d1c33d6fb57e3c36aad243bb089b41c,0.6405,Import Error|Type Checking,Type Checking|Import Error
382,398,bb01eda695bcf0f7d79149c2353ca9cd400cd9ff,c2b2c04d2b5fdc5462e0db7eb8847aa85c31b5d9,0.6405,Type Checking,Type Checking
77,79,d340b3a337398d539f38101282d09dd5e9966354,da9d2e853bd3c3111d4d8864906975c75f7e9888,0.6404,Import Error,Type Checking|Import Error
79,159,da9d2e853bd3c3111d4d8864906975c75f7e9888,1da36493c0905f61ee6fa58ebf792f993d3579dc,0.6404,Type Checking|Import Error,Import Error|Type Checking
191,170,840ad511b904f43678ec438464deb893fda58c8b,4b5113e905468a8710137ff717685e5728e9cadf,0.6404,Code Styling|Import Error,Import Error|Type Checking
378,393,b80cb885466e25f0de4304f14493d6cff6c7ba20,c07f0ba427e83c43ad8c7068aafd1b032cfe34c1,0.6403,Test Failure,Test Failure
80,83,dc07b7a4e5314d29edb7e9c30d36e12a6dec3dd7,e36b14dc3ee04beb3f0d8c2b89252eb864ea5c1a,0.6401,Test Failure|Type Checking,Type Checking|Import Error
32,34,2f0605c9ec79b7a675728cb525ad55b36ade2e93,cfbbed910a5d84c08f9af237cf6737502c456f66,0.6401,Code Styling,Code Formatting
71,169,bd46af653e25571f377664c7b7e9228ae8b28e96,3ab735577ed448887a8f1f463c73a611a4ca253e,0.64,Code Styling,Code Styling
151,186,09c3a7624b042f0af173fb95362fbefbb3d32522,7da71b58b1eb9b56ac1b4423afd9da61679a706e,0.6399,Import Error|Type Checking,Import Error|Code Styling
463,446,769e78aa95c081c96ab52c3fb449b6230bb245db,083b48256813564d301995020b838bfaf6055d79,0.6399,Code Formatting,Code Formatting
418,417,ed81322247e526f87264c1f8b8e067307cf4a2e3,ec5fbc16becebb97e5635f2522fcdad3e2340023,0.6396,Dependency,Dependency Error
331,334,6964fcd4152f54ef1091ddb84a102bde8ba8c12f,a1741388832b295ac6f4f031820ea292f484c64a,0.6396,Static Analysis,Static Analysis
53,304,58c7cde15084b1c07373c00028dbd19b85fd5e1b,16c48e2d1190bbc6fd907ae612921df5dd3f42f4,0.6396,Test Failure,Type Checking|Workflow Error
382,388,bb01eda695bcf0f7d79149c2353ca9cd400cd9ff,bee41c19610cd35c5663e176e0fe1459e6bd80f3,0.6394,Type Checking,Type Checking
459,473,6af171ff8190efbbd9b72aa19b11564279fd37f2,926f6108861434b74b89f4836c9ee0f3bd0ebe78,0.6393,Network,Network
156,176,1a6efefa726610d7ca262beb8e6adf1607829dbb,6865351833c002710b5e861a4ff6bc05b74afd4b,0.6392,Type Checking|Import Error,Code Styling|Import Error
105,115,424e2bec035589620a6ae25f51d4f389adc3a12e,992b9a36ee14ce62ac8639c1ec88ba83e375e525,0.6391,Code Formatting,Type Checking
113,126,6aee1d58e8ce6402c48325c8c479dae84596d352,ed13d89504c50a1b3f5d9757b74c7aaf38356150,0.6391,Type Checking,Static Analysis|Type Checking
116,128,a02c53a0eed80e7332e03b39bac351260afde289,f539ef9be2b510a9bef42e224e7c601f5965bcda,0.6389,Code Styling,Code Styling
84,156,ede117552a48bee7f674fbfab87d9586f2fabe19,1a6efefa726610d7ca262beb8e6adf1607829dbb,0.6386,Import Error|Type Checking,Type Checking|Import Error
171,177,557f5305cd8dc547495ea9bbfec35bee632b63be,69a56c3a1a48f96da4e8c6f71b19dfd71f3f2b8c,0.6386,Code Styling,Code Styling
163,199,31d6eba6f9be2ea8fc3bf80efc498075f6241cb5,9ebc254bb14ed052a0ac459d8c109ae8e0c12233,0.6385,Code Styling|Test Failure,Code Styling|Import Error
88,182,fa597eab63defb9e7e146e73c6ee23fb00f16284,754f4d3afe097bd3d360bb8a186acd95cc2542ea,0.6384,Test Failure|Type Checking,Test Failure
172,202,55c8c01643e65d53cf29664e5d5dc6d7307272d6,a52d22193b0ad09104ad4afdc6adddffeb5b8894,0.6384,Test Failure|Type Checking,Type Checking|Import Error
385,388,bdf0e8ccb9f8ba396d78e8154e6ad213cff059a7,bee41c19610cd35c5663e176e0fe1459e6bd80f3,0.6384,Type Checking,Type Checking
89,156,fb10c6e8e2f7ca6d855f8cfeda8bae8f4a644e7c,1a6efefa726610d7ca262beb8e6adf1607829dbb,0.6382,Import Error|Type Checking,Type Checking|Import Error
202,205,a52d22193b0ad09104ad4afdc6adddffeb5b8894,ae364459a503a2867eeef3ede75f24ad3b5d5839,0.6382,Type Checking|Import Error,Import Error
254,255,11bab0fb5ed6c9b67ae9a4de2694c2fda47e2b62,ce27d795db2ad56eabd9c05bf7a17c9a7bea951f,0.6381,Code Formatting,Code Formatting
504,506,7b5ea73b4d5ae96d3e764a48f2d123c35e4295d2,80fe937279863ecf49a66640859a9d9dd17ec23b,0.6378,Code Styling|Type Checking,Code Styling
79,86,da9d2e853bd3c3111d4d8864906975c75f7e9888,f2436c62292765f014a0dd30a013035abd13c33f,0.6377,Type Checking|Import Error,Type Checking|Import Error
413,421,dbe785e7397a3849c329fda9c181e9290ac95a2a,f4ed7a6f985ea8135f1cb2b2b01bd794a7f45520,0.6376,Dependency,Dependency Error
73,184,c27ea5332c1d979ad2fc0c2b09ff571c9538f423,7b8834b321a97bc57d7a5ac82680c24aff793b91,0.6374,Import Error,Import Error|Type Checking
156,170,1a6efefa726610d7ca262beb8e6adf1607829dbb,4b5113e905468a8710137ff717685e5728e9cadf,0.6374,Type Checking|Import Error,Import Error|Type Checking
526,539,44cf736f9ad32392d86c990b2c3140d0ef359fd2,af5fcb21859b6be4d60ee75ffdec5ef326932b6d,0.6373,Environment Error,Environment|Test Failure
74,162,c434e89bee35d93f4e741c32dc36c5a9a68404df,3045ad82fb7ebc1182bf5d0a1d64713bec621512,0.6372,Type Checking|Import Error,Code Styling|Import Error
502,515,76dde6d520faf6beef94f3522da08d2fd6d0d372,9f1e1bd929f24c15a85450be0835ca82fa187cd2,0.6372,Type Checking,Type Checking
175,209,67b1780b01f5d7461dc9b3d189d25acecbdb171d,b9a749745c9e91ee446a6ebdda7640d49cac8027,0.6371,Type Checking|Import Error|Code Styling,Test Failure|Type Checking
184,203,7b8834b321a97bc57d7a5ac82680c24aff793b91,ac2b8825370e010e3875415296d16506d231bb90,0.6371,Import Error|Type Checking,Type Checking|Import Error
76,84,d1e88b8766d152d7d4e7911a0072591db1eb4bcd,ede117552a48bee7f674fbfab87d9586f2fabe19,0.6369,Import Error|Type Checking|Code Styling,Import Error|Type Checking
89,155,fb10c6e8e2f7ca6d855f8cfeda8bae8f4a644e7c,1a41bfdce3fbdd13b1269f0acc04885762c39dd1,0.6368,Import Error|Type Checking,Type Checking|Import Error
296,192,f6adbaa7d295c83c481fbd8ad452eb1883f42a2c,8474427eeab92e28766b8051d92e6b46379581e9,0.6366,Import Error|Code Styling,Code Styling|Import Error
155,186,1a41bfdce3fbdd13b1269f0acc04885762c39dd1,7da71b58b1eb9b56ac1b4423afd9da61679a706e,0.6365,Type Checking|Import Error,Import Error|Code Styling
179,192,6e5f3fc6534025b5711d84f144d3071f1ff403d2,8474427eeab92e28766b8051d92e6b46379581e9,0.6365,Import Error|Code Styling,Code Styling|Import Error
73,89,c27ea5332c1d979ad2fc0c2b09ff571c9538f423,fb10c6e8e2f7ca6d855f8cfeda8bae8f4a644e7c,0.6363,Import Error,Import Error|Type Checking
159,191,1da36493c0905f61ee6fa58ebf792f993d3579dc,840ad511b904f43678ec438464deb893fda58c8b,0.6363,Import Error|Type Checking,Code Styling|Import Error
2,21,db6550a228941b538f340fb5b65ed16c43a21b88,68ddb2559e616656301858d441a523ebd64a710f,0.6363,Code Styling,Code Styling
203,207,ac2b8825370e010e3875415296d16506d231bb90,b55b03d12d1c33d6fb57e3c36aad243bb089b41c,0.6359,Type Checking|Import Error,Type Checking|Import Error
76,175,d1e88b8766d152d7d4e7911a0072591db1eb4bcd,67b1780b01f5d7461dc9b3d189d25acecbdb171d,0.6358,Import Error|Type Checking|Code Styling,Type Checking|Import Error|Code Styling
205,207,ae364459a503a2867eeef3ede75f24ad3b5d5839,b55b03d12d1c33d6fb57e3c36aad243bb089b41c,0.6357,Import Error,Type Checking|Import Error
386,393,be303e1d1fbff72f804da366b171ac94b4286acc,c07f0ba427e83c43ad8c7068aafd1b032cfe34c1,0.6357,Test Failure,Test Failure
383,396,bbe646cb38f74b164402f9eac9ee486176f22b8d,c18a9ef7091afb77bfdcc44b11809cd8c9274652,0.6356,Test Failure,Test Failure
89,153,fb10c6e8e2f7ca6d855f8cfeda8bae8f4a644e7c,16c6139ab089f3cd774175cc7a5bc2e0cbd52699,0.6352,Import Error|Type Checking,Import Error|Type Checking
159,161,1da36493c0905f61ee6fa58ebf792f993d3579dc,235e19d6998790dd527e8a43710990aef29359b1,0.6351,Import Error|Type Checking,Test Failure|Type Checking
159,167,1da36493c0905f61ee6fa58ebf792f993d3579dc,39d992d415c335b61f670c31a68c0edc578e5062,0.6347,Import Error|Type Checking,Import Error|Type Checking
159,170,1da36493c0905f61ee6fa58ebf792f993d3579dc,4b5113e905468a8710137ff717685e5728e9cadf,0.6346,Import Error|Type Checking,Import Error|Type Checking
465,485,78b289243ec6c116209d27f3de4b11c211f97f91,b3662574643c396d85eacf7b4472ba9f50350d92,0.6346,Code Formatting,Network Error|Code Styling
503,511,79d3e3ca7de6cb8b16e836dfba7d12ffd8e71f42,87ef1325e80dbb82693c7e59dff4f4f37d68da65,0.6346,Type Checking,Type Checking
88,165,fa597eab63defb9e7e146e73c6ee23fb00f16284,344c0994f4fce22a64ad9c57270679e51b8e66e6,0.6345,Test Failure|Type Checking,Type Checking|Import Error
79,89,da9d2e853bd3c3111d4d8864906975c75f7e9888,fb10c6e8e2f7ca6d855f8cfeda8bae8f4a644e7c,0.6344,Type Checking|Import Error,Import Error|Type Checking
81,188,dc63689a775dcb8f90cac9824149e21c3a868cc1,7f4d750eaf81c6f8384ed8246180c29bb45ea7bf,0.6344,Type Checking,Type Checking
445,465,02237e2a7e177390256eef0d1beb3a0a8c942acc,78b289243ec6c116209d27f3de4b11c211f97f91,0.6344,Code Formatting,Code Formatting
537,545,9dc2989bf314072dcfa5ddc2e481df5fc3132b07,c6e622ac4765055bd95f5358a6f19ed3970da9b4,0.6344,Test Failure,Environment Error|Test Failure
90,207,ff5106ea7e8f83cb7a85bbee6f2299ac736ac860,b55b03d12d1c33d6fb57e3c36aad243bb089b41c,0.6341,Type Checking|Test Failure,Type Checking|Import Error
500,517,6ddeb2324ee74fde5f816427b0a2c933e1205d12,a33b26d8520a396ba5dd2de736b63046422ca368,0.6341,Code Styling|Type Checking,Code Styling|Type Checking
96,97,803a8db60cb2ce21c0e3b0ed2b773d2ecc5142bd,82f33c12206d1ab7a19d4b5369a40c3016b255ee,0.634,Test Failure,Test Failure
154,162,18f4596992d6c36ccf9da84ae30083ef65878130,3045ad82fb7ebc1182bf5d0a1d64713bec621512,0.6338,Code Styling|Import Error,Code Styling|Import Error
165,182,344c0994f4fce22a64ad9c57270679e51b8e66e6,754f4d3afe097bd3d360bb8a186acd95cc2542ea,0.6338,Type Checking|Import Error,Test Failure
177,189,69a56c3a1a48f96da4e8c6f71b19dfd71f3f2b8c,82609349d7098fd5ad1c71f0e057f50cd0074404,0.6338,Code Styling,Code Styling|Import Error
88,186,fa597eab63defb9e7e146e73c6ee23fb00f16284,7da71b58b1eb9b56ac1b4423afd9da61679a706e,0.6337,Test Failure|Type Checking,Import Error|Code Styling
455,484,46e4e85039f556a4ddb395d794a161e99045f6ec,ae9efd4a08b946413fb9953a389df6d548068066,0.6336,Code Formatting,Code Formatting
78,150,d78ebf9508e112a8d2526ec26bcc37d8e8a2bfa2,073ad2a4332ae2ea545fd18c601fdf2171d150c6,0.6335,Import Error|Type Checking,Type Checking|Import Error
340,346,1269df3cb05ca13f7cddfb2eff4759a48060a501,db36ac2d272850e6b2f37ff6980f23c47017550a,0.6335,Type Checking,Code Styling
78,193,d78ebf9508e112a8d2526ec26bcc37d8e8a2bfa2,84d26c4b6b5881367cdabfc56d29b50389f1ba92,0.6332,Import Error|Type Checking,Import Error|Type Checking
86,168,f2436c62292765f014a0dd30a013035abd13c33f,3a9a0b4124d28c2f4735ffad30b83bf4b1c82477,0.6332,Type Checking|Import Error,Import Error|Code Styling|Type Checking
506,518,80fe937279863ecf49a66640859a9d9dd17ec23b,a45d6ed960156b41ffc8168a07719c49655cf40b,0.6332,Code Styling,Code Styling|Type Checking
90,186,ff5106ea7e8f83cb7a85bbee6f2299ac736ac860,7da71b58b1eb9b56ac1b4423afd9da61679a706e,0.633,Type Checking|Test Failure,Import Error|Code Styling
537,544,9dc2989bf314072dcfa5ddc2e481df5fc3132b07,c69fd6009fd8b027305163e7e4200f6ad67af95a,0.633,Test Failure,Environment Error|Test Failure
89,175,fb10c6e8e2f7ca6d855f8cfeda8bae8f4a644e7c,67b1780b01f5d7461dc9b3d189d25acecbdb171d,0.6329,Import Error|Type Checking,Type Checking|Import Error|Code Styling
186,198,7da71b58b1eb9b56ac1b4423afd9da61679a706e,9b52669238946cd01f9cc5e99a4b6babf0942cdf,0.6329,Import Error|Code Styling,Code Styling
504,508,7b5ea73b4d5ae96d3e764a48f2d123c35e4295d2,845e83099b5364b6bede874608bdad62ac318bc9,0.6329,Code Styling|Type Checking,Type Checking
460,461,734baee3ea9e591888c79c1976e36c460da45528,73be451c05da635aa2828a6c3afb6e924da1ca03,0.6328,Code Styling,Code Formatting|Code Styling
452,464,35bcc1e64e7a71cdf06972952cdcebe52cc6a6e9,770f97a0a0b3f9c8a1e7f4b55ad99376197e28f2,0.6327,Code Formatting,Code Styling
150,173,073ad2a4332ae2ea545fd18c601fdf2171d150c6,5f24cca27fe01045314ee6ddb7619e164ada0c91,0.6326,Type Checking|Import Error,Import Error
172,193,55c8c01643e65d53cf29664e5d5dc6d7307272d6,84d26c4b6b5881367cdabfc56d29b50389f1ba92,0.6326,Test Failure|Type Checking,Import Error|Type Checking
189,198,82609349d7098fd5ad1c71f0e057f50cd0074404,9b52669238946cd01f9cc5e99a4b6babf0942cdf,0.6326,Code Styling|Import Error,Code Styling
150,159,073ad2a4332ae2ea545fd18c601fdf2171d150c6,1da36493c0905f61ee6fa58ebf792f993d3579dc,0.6325,Type Checking|Import Error,Import Error|Type Checking
118,122,a7a139ca8f5d0acdebb205d469166fbe034c2372,cbb7561e4e0d81a027fbd7ff6482fea13ee17398,0.6325,Type Checking,Type Checking
81,85,dc63689a775dcb8f90cac9824149e21c3a868cc1,f06bfb4ef15132a04a3983b4aa40f2e385ef7c04,0.6324,Type Checking,Type Checking
25,26,5b9b7a0f0f73cc0257f1b41b4904dc9056e9baa1,5fea24b4a3fc4952e83474db5e7dc05af9ec76f6,0.6324,Code Formatting,Code Formatting
151,159,09c3a7624b042f0af173fb95362fbefbb3d32522,1da36493c0905f61ee6fa58ebf792f993d3579dc,0.6323,Import Error|Type Checking,Import Error|Type Checking
86,204,f2436c62292765f014a0dd30a013035abd13c33f,acdbed3f7aacf32067b3353d653825efd06caeac,0.6322,Type Checking|Import Error,Import Error|Type Checking
156,175,1a6efefa726610d7ca262beb8e6adf1607829dbb,67b1780b01f5d7461dc9b3d189d25acecbdb171d,0.6321,Type Checking|Import Error,Type Checking|Import Error|Code Styling
86,91,f2436c62292765f014a0dd30a013035abd13c33f,ff8929ce168fb87cf50f6a52e4cc3b12b8fd5e2e,0.632,Type Checking|Import Error,Import Error|Code Styling
86,191,f2436c62292765f014a0dd30a013035abd13c33f,840ad511b904f43678ec438464deb893fda58c8b,0.632,Type Checking|Import Error,Code Styling|Import Error
19,20,454164496177fd8b9d6aad4f106e68e816becb6c,537b57d99d10ecbcf8a9835bda18a73ee284d88f,0.632,Code Formatting,Code Formatting
189,207,82609349d7098fd5ad1c71f0e057f50cd0074404,b55b03d12d1c33d6fb57e3c36aad243bb089b41c,0.6319,Code Styling|Import Error,Type Checking|Import Error
88,203,fa597eab63defb9e7e146e73c6ee23fb00f16284,ac2b8825370e010e3875415296d16506d231bb90,0.6318,Test Failure|Type Checking,Type Checking|Import Error
117,102,a6517d5fc23bbb6be3424924264025b961df3fe2,07c55e7c8bee5b60d9d9647d647f89bec137ef4d,0.6318,Code Styling|Type Checking,Code Styling
86,172,f2436c62292765f014a0dd30a013035abd13c33f,55c8c01643e65d53cf29664e5d5dc6d7307272d6,0.6317,Type Checking|Import Error,Test Failure|Type Checking
527,540,459cfd9a9110080f68d50b9ae3b63fa17b0f2f0c,b41c3a617f8b67bd12b40558e6ce45fcfe18be16,0.6317,Environment Error|Test Failure,Environment
152,183,110e09997f8a22a617e261dec9e301129bbead65,78c5d662bf2145c91356e5185db05a17950b3dc4,0.6316,Test Failure|Type Checking,Type Checking|Import Error
79,203,da9d2e853bd3c3111d4d8864906975c75f7e9888,ac2b8825370e010e3875415296d16506d231bb90,0.6315,Type Checking|Import Error,Type Checking|Import Error
151,189,09c3a7624b042f0af173fb95362fbefbb3d32522,82609349d7098fd5ad1c71f0e057f50cd0074404,0.6315,Import Error|Type Checking,Code Styling|Import Error
153,207,16c6139ab089f3cd774175cc7a5bc2e0cbd52699,b55b03d12d1c33d6fb57e3c36aad243bb089b41c,0.6315,Import Error|Type Checking,Type Checking|Import Error
165,200,344c0994f4fce22a64ad9c57270679e51b8e66e6,a19827aa499277f65d5314ace68e2ddee7a25f4c,0.6315,Type Checking|Import Error,Type Checking|Test Failure
197,202,98c0877ed94c574c7a6eae2f2eb662bfcef1ba87,a52d22193b0ad09104ad4afdc6adddffeb5b8894,0.6315,Test Failure|Type Checking,Type Checking|Import Error
86,167,f2436c62292765f014a0dd30a013035abd13c33f,39d992d415c335b61f670c31a68c0edc578e5062,0.6313,Type Checking|Import Error,Import Error|Type Checking
296,189,f6adbaa7d295c83c481fbd8ad452eb1883f42a2c,82609349d7098fd5ad1c71f0e057f50cd0074404,0.6313,Import Error|Code Styling,Code Styling|Import Error
296,162,f6adbaa7d295c83c481fbd8ad452eb1883f42a2c,3045ad82fb7ebc1182bf5d0a1d64713bec621512,0.6312,Import Error|Code Styling,Code Styling|Import Error
79,175,da9d2e853bd3c3111d4d8864906975c75f7e9888,67b1780b01f5d7461dc9b3d189d25acecbdb171d,0.631,Type Checking|Import Error,Type Checking|Import Error|Code Styling
151,183,09c3a7624b042f0af173fb95362fbefbb3d32522,78c5d662bf2145c91356e5185db05a17950b3dc4,0.6308,Import Error|Type Checking,Type Checking|Import Error
158,187,1d0fff71ae9ea258fad3d54257be9ca9b3eb499e,7efb1f09096dd41ea09b30ceb17746686931d1cf,0.6308,Code Styling,Code Styling|Import Error
161,165,235e19d6998790dd527e8a43710990aef29359b1,344c0994f4fce22a64ad9c57270679e51b8e66e6,0.6307,Test Failure|Type Checking,Type Checking|Import Error
8,10,385c14d0ae500918cff5565ea836884bfaa2bfa5,ecb486addc70aecc9b28f2b30a77eaf2fd587091,0.6307,Code Styling|Code Formatting,Type Checking|Code Styling
86,184,f2436c62292765f014a0dd30a013035abd13c33f,7b8834b321a97bc57d7a5ac82680c24aff793b91,0.6305,Type Checking|Import Error,Import Error|Type Checking
157,166,1c533e0065df6fa2c1c75c23125cdc5e8c12ce3c,37c595ac6f390dbccbcfa20f742faa36f34b194a,0.6305,Import Error|Code Styling,Import Error
162,168,3045ad82fb7ebc1182bf5d0a1d64713bec621512,3a9a0b4124d28c2f4735ffad30b83bf4b1c82477,0.6305,Code Styling|Import Error,Import Error|Code Styling|Type Checking
77,156,d340b3a337398d539f38101282d09dd5e9966354,1a6efefa726610d7ca262beb8e6adf1607829dbb,0.6304,Import Error,Type Checking|Import Error
206,207,aef89d7979ff37db1e5e5a75265767e0c460b0ba,b55b03d12d1c33d6fb57e3c36aad243bb089b41c,0.6304,Type Checking,Type Checking|Import Error
529,540,511a9296c9215864baf1a1a7ae843ccfa0efdfd9,b41c3a617f8b67bd12b40558e6ce45fcfe18be16,0.6304,Environment Error|Runtime Error|Test Failure,Environment
173,191,5f24cca27fe01045314ee6ddb7619e164ada0c91,840ad511b904f43678ec438464deb893fda58c8b,0.6303,Import Error,Code Styling|Import Error
486,446,b5b9507e0e063bd08038c29b13d10a09e66a198d,083b48256813564d301995020b838bfaf6055d79,0.6302,Code Styling,Code Formatting
77,202,d340b3a337398d539f38101282d09dd5e9966354,a52d22193b0ad09104ad4afdc6adddffeb5b8894,0.6301,Import Error,Type Checking|Import Error
86,189,f2436c62292765f014a0dd30a013035abd13c33f,82609349d7098fd5ad1c71f0e057f50cd0074404,0.6301,Type Checking|Import Error,Code Styling|Import Error
80,184,dc07b7a4e5314d29edb7e9c30d36e12a6dec3dd7,7b8834b321a97bc57d7a5ac82680c24aff793b91,0.63,Test Failure|Type Checking,Import Error|Type Checking
158,199,1d0fff71ae9ea258fad3d54257be9ca9b3eb499e,9ebc254bb14ed052a0ac459d8c109ae8e0c12233,0.63,Code Styling,Code Styling|Import Error
207,200,b55b03d12d1c33d6fb57e3c36aad243bb089b41c,a19827aa499277f65d5314ace68e2ddee7a25f4c,0.63,Type Checking|Import Error,Type Checking|Test Failure
83,192,e36b14dc3ee04beb3f0d8c2b89252eb864ea5c1a,8474427eeab92e28766b8051d92e6b46379581e9,0.6299,Type Checking|Import Error,Code Styling|Import Error
500,507,6ddeb2324ee74fde5f816427b0a2c933e1205d12,82fe739a979a58067738c7f97cbb8444f12277d5,0.6298,Code Styling|Type Checking,Type Checking|Code Styling
88,151,fa597eab63defb9e7e146e73c6ee23fb00f16284,09c3a7624b042f0af173fb95362fbefbb3d32522,0.6296,Test Failure|Type Checking,Import Error|Type Checking
156,191,1a6efefa726610d7ca262beb8e6adf1607829dbb,840ad511b904f43678ec438464deb893fda58c8b,0.6296,Type Checking|Import Error,Code Styling|Import Error
179,189,6e5f3fc6534025b5711d84f144d3071f1ff403d2,82609349d7098fd5ad1c71f0e057f50cd0074404,0.6295,Import Error|Code Styling,Code Styling|Import Error
191,199,840ad511b904f43678ec438464deb893fda58c8b,9ebc254bb14ed052a0ac459d8c109ae8e0c12233,0.6295,Code Styling|Import Error,Code Styling|Import Error
88,207,fa597eab63defb9e7e146e73c6ee23fb00f16284,b55b03d12d1c33d6fb57e3c36aad243bb089b41c,0.6294,Test Failure|Type Checking,Type Checking|Import Error
156,183,1a6efefa726610d7ca262beb8e6adf1607829dbb,78c5d662bf2145c91356e5185db05a17950b3dc4,0.6294,Type Checking|Import Error,Type Checking|Import Error
159,193,1da36493c0905f61ee6fa58ebf792f993d3579dc,84d26c4b6b5881367cdabfc56d29b50389f1ba92,0.6294,Import Error|Type Checking,Import Error|Type Checking
166,205,37c595ac6f390dbccbcfa20f742faa36f34b194a,ae364459a503a2867eeef3ede75f24ad3b5d5839,0.6293,Import Error,Import Error
183,199,78c5d662bf2145c91356e5185db05a17950b3dc4,9ebc254bb14ed052a0ac459d8c109ae8e0c12233,0.6293,Type Checking|Import Error,Code Styling|Import Error
386,396,be303e1d1fbff72f804da366b171ac94b4286acc,c18a9ef7091afb77bfdcc44b11809cd8c9274652,0.6293,Test Failure,Test Failure
158,189,1d0fff71ae9ea258fad3d54257be9ca9b3eb499e,82609349d7098fd5ad1c71f0e057f50cd0074404,0.6292,Code Styling,Code Styling|Import Error
502,507,76dde6d520faf6beef94f3522da08d2fd6d0d372,82fe739a979a58067738c7f97cbb8444f12277d5,0.6291,Type Checking,Type Checking|Code Styling
87,197,f6f8da08fb440f8856510d0837876c41eb182dfc,98c0877ed94c574c7a6eae2f2eb662bfcef1ba87,0.629,Type Checking,Test Failure|Type Checking
508,512,845e83099b5364b6bede874608bdad62ac318bc9,88c4f3ff124763577043c1741057863ee519f9b2,0.629,Type Checking,Type Checking|Code Formatting
155,197,1a41bfdce3fbdd13b1269f0acc04885762c39dd1,98c0877ed94c574c7a6eae2f2eb662bfcef1ba87,0.6289,Type Checking|Import Error,Test Failure|Type Checking
383,406,bbe646cb38f74b164402f9eac9ee486176f22b8d,c4b91c30a2238a1f3399143e846f1b814b7ae6e2,0.6289,Test Failure,Test Failure
83,199,e36b14dc3ee04beb3f0d8c2b89252eb864ea5c1a,9ebc254bb14ed052a0ac459d8c109ae8e0c12233,0.6288,Type Checking|Import Error,Code Styling|Import Error
84,172,ede117552a48bee7f674fbfab87d9586f2fabe19,55c8c01643e65d53cf29664e5d5dc6d7307272d6,0.6288,Import Error|Type Checking,Test Failure|Type Checking
207,209,b55b03d12d1c33d6fb57e3c36aad243bb089b41c,b9a749745c9e91ee446a6ebdda7640d49cac8027,0.6288,Type Checking|Import Error,Test Failure|Type Checking
485,491,b3662574643c396d85eacf7b4472ba9f50350d92,c46ca36c8e3d00d736d38f01c0f716cd2cade957,0.6286,Network Error|Code Styling,Code Formatting|Network Error
74,193,c434e89bee35d93f4e741c32dc36c5a9a68404df,84d26c4b6b5881367cdabfc56d29b50389f1ba92,0.6284,Type Checking|Import Error,Import Error|Type Checking
152,206,110e09997f8a22a617e261dec9e301129bbead65,aef89d7979ff37db1e5e5a75265767e0c460b0ba,0.6283,Test Failure|Type Checking,Type Checking
566,574,0ca45f6bc5636846b3aeaf10321cb07218bc23f3,18ec9967ccaf892188f1d7275dc36ec6b1b0e06e,0.6283,Test Failure,Import Error
150,151,073ad2a4332ae2ea545fd18c601fdf2171d150c6,09c3a7624b042f0af173fb95362fbefbb3d32522,0.6281,Type Checking|Import Error,Import Error|Type Checking
160,186,233c76da6b91def1e9d09a3fe170578c0bded0aa,7da71b58b1eb9b56ac1b4423afd9da61679a706e,0.628,Code Styling,Import Error|Code Styling
74,80,c434e89bee35d93f4e741c32dc36c5a9a68404df,dc07b7a4e5314d29edb7e9c30d36e12a6dec3dd7,0.6279,Type Checking|Import Error,Test Failure|Type Checking
168,187,3a9a0b4124d28c2f4735ffad30b83bf4b1c82477,7efb1f09096dd41ea09b30ceb17746686931d1cf,0.6279,Import Error|Code Styling|Type Checking,Code Styling|Import Error
507,510,82fe739a979a58067738c7f97cbb8444f12277d5,8607b72d71832c853bbf49929ff06c4429e99cd9,0.6279,Type Checking|Code Styling,Code Styling
179,181,6e5f3fc6534025b5711d84f144d3071f1ff403d2,6fe4e00e8863c8da28d241cb65632725de6db64b,0.6278,Import Error|Code Styling,Code Styling|Import Error
505,507,7d72b013e4ef17166f056cdd94741156d0001114,82fe739a979a58067738c7f97cbb8444f12277d5,0.6278,Type Checking,Type Checking|Code Styling
81,175,dc63689a775dcb8f90cac9824149e21c3a868cc1,67b1780b01f5d7461dc9b3d189d25acecbdb171d,0.6277,Type Checking,Type Checking|Import Error|Code Styling
382,392,bb01eda695bcf0f7d79149c2353ca9cd400cd9ff,c058e355b7652337c512f4cad727cc391e641b63,0.6276,Type Checking,Import Error
79,152,da9d2e853bd3c3111d4d8864906975c75f7e9888,110e09997f8a22a617e261dec9e301129bbead65,0.6272,Type Checking|Import Error,Test Failure|Type Checking
181,203,6fe4e00e8863c8da28d241cb65632725de6db64b,ac2b8825370e010e3875415296d16506d231bb90,0.6272,Code Styling|Import Error,Type Checking|Import Error
295,182,d6626e5de246cce87651793060322ff1b3f7e0c0,754f4d3afe097bd3d360bb8a186acd95cc2542ea,0.6271,Import Error,Test Failure
73,84,c27ea5332c1d979ad2fc0c2b09ff571c9538f423,ede117552a48bee7f674fbfab87d9586f2fabe19,0.6269,Import Error,Import Error|Type Checking
380,386,b9f8134e8fde8560545d73ff924ed9ed7e490ef9,be303e1d1fbff72f804da366b171ac94b4286acc,0.6269,Test Failure,Test Failure
74,170,c434e89bee35d93f4e741c32dc36c5a9a68404df,4b5113e905468a8710137ff717685e5728e9cadf,0.6268,Type Checking|Import Error,Import Error|Type Checking
180,208,6f19da809ef086cec3d81173f2c1b849e81c896d,b71bbb2badf2b10a82cbf28201187592972c377d,0.6268,Type Checking,Type Checking
86,181,f2436c62292765f014a0dd30a013035abd13c33f,6fe4e00e8863c8da28d241cb65632725de6db64b,0.6265,Type Checking|Import Error,Code Styling|Import Error
88,202,fa597eab63defb9e7e146e73c6ee23fb00f16284,a52d22193b0ad09104ad4afdc6adddffeb5b8894,0.6265,Test Failure|Type Checking,Type Checking|Import Error
135,140,668b6127c95ae34b03f404321b94337c846166d2,c9766a5e3d0c982cd148a391e63fb0f7c386b17e,0.6265,Type Checking,Type Checking
150,167,073ad2a4332ae2ea545fd18c601fdf2171d150c6,39d992d415c335b61f670c31a68c0edc578e5062,0.6263,Type Checking|Import Error,Import Error|Type Checking
508,517,845e83099b5364b6bede874608bdad62ac318bc9,a33b26d8520a396ba5dd2de736b63046422ca368,0.6263,Type Checking,Code Styling|Type Checking
161,204,235e19d6998790dd527e8a43710990aef29359b1,acdbed3f7aacf32067b3353d653825efd06caeac,0.6262,Test Failure|Type Checking,Import Error|Type Checking
175,197,67b1780b01f5d7461dc9b3d189d25acecbdb171d,98c0877ed94c574c7a6eae2f2eb662bfcef1ba87,0.6262,Type Checking|Import Error|Code Styling,Test Failure|Type Checking
74,172,c434e89bee35d93f4e741c32dc36c5a9a68404df,55c8c01643e65d53cf29664e5d5dc6d7307272d6,0.6261,Type Checking|Import Error,Test Failure|Type Checking
84,189,ede117552a48bee7f674fbfab87d9586f2fabe19,82609349d7098fd5ad1c71f0e057f50cd0074404,0.6261,Import Error|Type Checking,Code Styling|Import Error
430,423,ab4ebf9a9dc3c4ee40947141afdbc96a981d1ed5,487e1157df0cb267387c26cbb92b9b52077ea31d,0.6261,Test Failure,Test Failure
515,519,9f1e1bd929f24c15a85450be0835ca82fa187cd2,a6fe43891c18bd852285700abf2b9f32c9c44441,0.6259,Type Checking,Type Checking
79,90,da9d2e853bd3c3111d4d8864906975c75f7e9888,ff5106ea7e8f83cb7a85bbee6f2299ac736ac860,0.6258,Type Checking|Import Error,Type Checking|Test Failure
151,203,09c3a7624b042f0af173fb95362fbefbb3d32522,ac2b8825370e010e3875415296d16506d231bb90,0.6258,Import Error|Type Checking,Type Checking|Import Error
76,167,d1e88b8766d152d7d4e7911a0072591db1eb4bcd,39d992d415c335b61f670c31a68c0edc578e5062,0.6256,Import Error|Type Checking|Code Styling,Import Error|Type Checking
295,191,d6626e5de246cce87651793060322ff1b3f7e0c0,840ad511b904f43678ec438464deb893fda58c8b,0.6255,Import Error,Code Styling|Import Error
455,465,46e4e85039f556a4ddb395d794a161e99045f6ec,78b289243ec6c116209d27f3de4b11c211f97f91,0.6255,Code Formatting,Code Formatting
74,191,c434e89bee35d93f4e741c32dc36c5a9a68404df,840ad511b904f43678ec438464deb893fda58c8b,0.6254,Type Checking|Import Error,Code Styling|Import Error
75,81,ca75b3dc2cfaf4d6a9409109f10b285bdf6a8097,dc63689a775dcb8f90cac9824149e21c3a868cc1,0.6254,Type Checking,Type Checking
179,191,6e5f3fc6534025b5711d84f144d3071f1ff403d2,840ad511b904f43678ec438464deb893fda58c8b,0.6254,Import Error|Code Styling,Code Styling|Import Error
462,483,74f293da0a4e2fbf000f41dcf5d004bfe763efd2,a75910a20e55e34431db5c3d7626c954b4d4f388,0.6254,Code Styling,Code Formatting
562,569,06e2683fd889129c12e6bd818a3b4a5bd880444a,130a7fc1e0a80a2f0f25f03663afd7fe38493e2c,0.6254,Code Styling,Code Styling
85,151,f06bfb4ef15132a04a3983b4aa40f2e385ef7c04,09c3a7624b042f0af173fb95362fbefbb3d32522,0.6253,Type Checking,Import Error|Type Checking
295,184,d6626e5de246cce87651793060322ff1b3f7e0c0,7b8834b321a97bc57d7a5ac82680c24aff793b91,0.6252,Import Error,Import Error|Type Checking
86,154,f2436c62292765f014a0dd30a013035abd13c33f,18f4596992d6c36ccf9da84ae30083ef65878130,0.6251,Type Checking|Import Error,Code Styling|Import Error
162,167,3045ad82fb7ebc1182bf5d0a1d64713bec621512,39d992d415c335b61f670c31a68c0edc578e5062,0.6251,Code Styling|Import Error,Import Error|Type Checking
510,522,8607b72d71832c853bbf49929ff06c4429e99cd9,ab9c7f77e0f9f30dc850a0e808f8eacace0a4b2b,0.6251,Code Styling,Code Styling
378,381,b80cb885466e25f0de4304f14493d6cff6c7ba20,ba48f0fe90578d842327c4ee49980fc212524cf6,0.625,Test Failure,Test Failure
385,398,bdf0e8ccb9f8ba396d78e8154e6ad213cff059a7,c2b2c04d2b5fdc5462e0db7eb8847aa85c31b5d9,0.6249,Type Checking,Type Checking
192,202,8474427eeab92e28766b8051d92e6b46379581e9,a52d22193b0ad09104ad4afdc6adddffeb5b8894,0.6248,Code Styling|Import Error,Type Checking|Import Error
135,132,668b6127c95ae34b03f404321b94337c846166d2,1559358d5679d353417ef140c1894997b4c7160f,0.6248,Type Checking,Type Checking
86,197,f2436c62292765f014a0dd30a013035abd13c33f,98c0877ed94c574c7a6eae2f2eb662bfcef1ba87,0.6247,Type Checking|Import Error,Test Failure|Type Checking
168,199,3a9a0b4124d28c2f4735ffad30b83bf4b1c82477,9ebc254bb14ed052a0ac459d8c109ae8e0c12233,0.6247,Import Error|Code Styling|Type Checking,Code Styling|Import Error
84,199,ede117552a48bee7f674fbfab87d9586f2fabe19,9ebc254bb14ed052a0ac459d8c109ae8e0c12233,0.6246,Import Error|Type Checking,Code Styling|Import Error
184,191,7b8834b321a97bc57d7a5ac82680c24aff793b91,840ad511b904f43678ec438464deb893fda58c8b,0.6246,Import Error|Type Checking,Code Styling|Import Error
91,199,ff8929ce168fb87cf50f6a52e4cc3b12b8fd5e2e,9ebc254bb14ed052a0ac459d8c109ae8e0c12233,0.6244,Import Error|Code Styling,Code Styling|Import Error
151,197,09c3a7624b042f0af173fb95362fbefbb3d32522,98c0877ed94c574c7a6eae2f2eb662bfcef1ba87,0.6243,Import Error|Type Checking,Test Failure|Type Checking
157,187,1c533e0065df6fa2c1c75c23125cdc5e8c12ce3c,7efb1f09096dd41ea09b30ceb17746686931d1cf,0.6243,Import Error|Code Styling,Code Styling|Import Error
529,532,511a9296c9215864baf1a1a7ae843ccfa0efdfd9,6bc48372692f87d88299e38e4f000bec2b5f88c8,0.6243,Environment Error|Runtime Error|Test Failure,Test Failure
77,295,d340b3a337398d539f38101282d09dd5e9966354,d6626e5de246cce87651793060322ff1b3f7e0c0,0.6242,Import Error,Import Error
334,339,a1741388832b295ac6f4f031820ea292f484c64a,e6d2dc68133f80003d2ac7429bcf7715b8c920d0,0.6242,Static Analysis,Static Analysis
422,430,39b871ce5e33ecaa12e176f850014d7f1a0fc81a,ab4ebf9a9dc3c4ee40947141afdbc96a981d1ed5,0.6241,Test Failure,Test Failure
505,517,7d72b013e4ef17166f056cdd94741156d0001114,a33b26d8520a396ba5dd2de736b63046422ca368,0.624,Type Checking,Code Styling|Type Checking
295,199,d6626e5de246cce87651793060322ff1b3f7e0c0,9ebc254bb14ed052a0ac459d8c109ae8e0c12233,0.6239,Import Error,Code Styling|Import Error
151,153,09c3a7624b042f0af173fb95362fbefbb3d32522,16c6139ab089f3cd774175cc7a5bc2e0cbd52699,0.6239,Import Error|Type Checking,Import Error|Type Checking
165,197,344c0994f4fce22a64ad9c57270679e51b8e66e6,98c0877ed94c574c7a6eae2f2eb662bfcef1ba87,0.6239,Type Checking|Import Error,Test Failure|Type Checking
523,534,2bc817d871c542da601633e6ba1db878bd9bb1fc,7e7ae9921daa1d1c5c74e8f3f8852333b3cd7c53,0.6239,Environment Error|Test Failure,Import Error|Environment Error|Test Failure
562,571,06e2683fd889129c12e6bd818a3b4a5bd880444a,148c3bae1aa467fb5a22a91f7fa6e4f434032ba1,0.6239,Code Styling,Linting
295,202,d6626e5de246cce87651793060322ff1b3f7e0c0,a52d22193b0ad09104ad4afdc6adddffeb5b8894,0.6238,Import Error,Type Checking|Import Error
162,194,3045ad82fb7ebc1182bf5d0a1d64713bec621512,8c8e822266755d103faa9166aaa4ab3f2aa3e578,0.6237,Code Styling|Import Error,Import Error
80,89,dc07b7a4e5314d29edb7e9c30d36e12a6dec3dd7,fb10c6e8e2f7ca6d855f8cfeda8bae8f4a644e7c,0.6236,Test Failure|Type Checking,Import Error|Type Checking
17,19,7440ca51fb0ff3fb94a725fcd278f7fd5ea77c04,454164496177fd8b9d6aad4f106e68e816becb6c,0.6236,Code Formatting,Code Formatting
150,153,073ad2a4332ae2ea545fd18c601fdf2171d150c6,16c6139ab089f3cd774175cc7a5bc2e0cbd52699,0.6235,Type Checking|Import Error,Import Error|Type Checking
73,83,c27ea5332c1d979ad2fc0c2b09ff571c9538f423,e36b14dc3ee04beb3f0d8c2b89252eb864ea5c1a,0.6234,Import Error,Type Checking|Import Error
77,78,d340b3a337398d539f38101282d09dd5e9966354,d78ebf9508e112a8d2526ec26bcc37d8e8a2bfa2,0.6234,Import Error,Import Error|Type Checking
502,513,76dde6d520faf6beef94f3522da08d2fd6d0d372,9bb69bd3d47cee279dd2a63d65476ad37d0398dd,0.6234,Type Checking,Type Checking
165,172,344c0994f4fce22a64ad9c57270679e51b8e66e6,55c8c01643e65d53cf29664e5d5dc6d7307272d6,0.6233,Type Checking|Import Error,Test Failure|Type Checking
168,202,3a9a0b4124d28c2f4735ffad30b83bf4b1c82477,a52d22193b0ad09104ad4afdc6adddffeb5b8894,0.6233,Import Error|Code Styling|Type Checking,Type Checking|Import Error
187,205,7efb1f09096dd41ea09b30ceb17746686931d1cf,ae364459a503a2867eeef3ede75f24ad3b5d5839,0.6232,Code Styling|Import Error,Import Error
462,487,74f293da0a4e2fbf000f41dcf5d004bfe763efd2,b5bb4c11018952a0f9f5693ce84dd3df18c644d7,0.6232,Code Styling,Linting
92,94,48376e59c2d51260b1c6d2a14dcf58ab5066f88e,5548acee0b31576cae313185aa3c859f88818939,0.6232,Test Failure,Test Failure
150,175,073ad2a4332ae2ea545fd18c601fdf2171d150c6,67b1780b01f5d7461dc9b3d189d25acecbdb171d,0.623,Type Checking|Import Error,Type Checking|Import Error|Code Styling
182,184,754f4d3afe097bd3d360bb8a186acd95cc2542ea,7b8834b321a97bc57d7a5ac82680c24aff793b91,0.623,Test Failure,Import Error|Type Checking
385,395,bdf0e8ccb9f8ba396d78e8154e6ad213cff059a7,c1403f5eff1e82c734b26cd56894654dcee4d502,0.623,Type Checking,Type Checking
113,122,6aee1d58e8ce6402c48325c8c479dae84596d352,cbb7561e4e0d81a027fbd7ff6482fea13ee17398,0.6226,Type Checking,Type Checking
187,198,7efb1f09096dd41ea09b30ceb17746686931d1cf,9b52669238946cd01f9cc5e99a4b6babf0942cdf,0.6225,Code Styling|Import Error,Code Styling
103,111,1366645090f139b99f4606faf8cb1f054330213e,66718a2530fcc65c0adfa0a6ea380e1978c12ebe,0.6225,Type Checking,Test Failure|Type Checking
526,529,44cf736f9ad32392d86c990b2c3140d0ef359fd2,511a9296c9215864baf1a1a7ae843ccfa0efdfd9,0.6224,Environment Error,Environment Error|Runtime Error|Test Failure
77,194,d340b3a337398d539f38101282d09dd5e9966354,8c8e822266755d103faa9166aaa4ab3f2aa3e578,0.6222,Import Error,Import Error
164,206,33ed019c7f623b9fb89b1430b38c7e7a7aefa57c,aef89d7979ff37db1e5e5a75265767e0c460b0ba,0.6222,Type Checking,Type Checking
236,238,331dcf050910618b9bb5e3028da4597770199f72,5f349d507ced55bbb24469127b0eb9ac571f023c,0.6222,Code Formatting,Code Formatting
378,406,b80cb885466e25f0de4304f14493d6cff6c7ba20,c4b91c30a2238a1f3399143e846f1b814b7ae6e2,0.6221,Test Failure,Test Failure
75,188,ca75b3dc2cfaf4d6a9409109f10b285bdf6a8097,7f4d750eaf81c6f8384ed8246180c29bb45ea7bf,0.622,Type Checking,Type Checking
162,207,3045ad82fb7ebc1182bf5d0a1d64713bec621512,b55b03d12d1c33d6fb57e3c36aad243bb089b41c,0.622,Code Styling|Import Error,Type Checking|Import Error
538,544,9fa5da63d346f105d76d80a88d8f8adeb15dc991,c69fd6009fd8b027305163e7e4200f6ad67af95a,0.622,Environment Error,Environment Error|Test Failure
73,153,c27ea5332c1d979ad2fc0c2b09ff571c9538f423,16c6139ab089f3cd774175cc7a5bc2e0cbd52699,0.6219,Import Error,Import Error|Type Checking
80,199,dc07b7a4e5314d29edb7e9c30d36e12a6dec3dd7,9ebc254bb14ed052a0ac459d8c109ae8e0c12233,0.6219,Test Failure|Type Checking,Code Styling|Import Error
184,205,7b8834b321a97bc57d7a5ac82680c24aff793b91,ae364459a503a2867eeef3ede75f24ad3b5d5839,0.6219,Import Error|Type Checking,Import Error
168,189,3a9a0b4124d28c2f4735ffad30b83bf4b1c82477,82609349d7098fd5ad1c71f0e057f50cd0074404,0.6218,Import Error|Code Styling|Type Checking,Code Styling|Import Error
16,19,0d26cc1482ff5080ec579b17b29f22657a20c562,454164496177fd8b9d6aad4f106e68e816becb6c,0.6218,Code Formatting,Code Formatting
77,186,d340b3a337398d539f38101282d09dd5e9966354,7da71b58b1eb9b56ac1b4423afd9da61679a706e,0.6216,Import Error,Import Error|Code Styling
79,153,da9d2e853bd3c3111d4d8864906975c75f7e9888,16c6139ab089f3cd774175cc7a5bc2e0cbd52699,0.6216,Type Checking|Import Error,Import Error|Type Checking
77,154,d340b3a337398d539f38101282d09dd5e9966354,18f4596992d6c36ccf9da84ae30083ef65878130,0.6215,Import Error,Code Styling|Import Error
158,169,1d0fff71ae9ea258fad3d54257be9ca9b3eb499e,3ab735577ed448887a8f1f463c73a611a4ca253e,0.6215,Code Styling,Code Styling
82,189,e22825fa77b3e549db08147a90c061e695726fb2,82609349d7098fd5ad1c71f0e057f50cd0074404,0.6213,Code Styling,Code Styling|Import Error
83,295,e36b14dc3ee04beb3f0d8c2b89252eb864ea5c1a,d6626e5de246cce87651793060322ff1b3f7e0c0,0.6213,Type Checking|Import Error,Import Error
87,178,f6f8da08fb440f8856510d0837876c41eb182dfc,6ad4e8d6bb1ea167fa88d68f5396968b713dd7ba,0.621,Type Checking,Type Checking
76,151,d1e88b8766d152d7d4e7911a0072591db1eb4bcd,09c3a7624b042f0af173fb95362fbefbb3d32522,0.6208,Import Error|Type Checking|Code Styling,Import Error|Type Checking
86,163,f2436c62292765f014a0dd30a013035abd13c33f,31d6eba6f9be2ea8fc3bf80efc498075f6241cb5,0.6207,Type Checking|Import Error,Code Styling|Test Failure
473,475,926f6108861434b74b89f4836c9ee0f3bd0ebe78,9388a2af668cc9def219ceca43c66a649bdc69d0,0.6207,Network,Network
109,117,5f98672f68c7f4acdf3e6f68fd79e66b56d0b529,a6517d5fc23bbb6be3424924264025b961df3fe2,0.6206,Code Formatting,Code Styling|Type Checking
121,123,c3a3944a6d50067aa5937e22e97eac0a64631f47,d4593aedbc14dbd885f63009dcb0a4b962a04be6,0.6205,Type Checking|Dependency Error,Test Failure|Type Checking
159,192,1da36493c0905f61ee6fa58ebf792f993d3579dc,8474427eeab92e28766b8051d92e6b46379581e9,0.6204,Import Error|Type Checking,Code Styling|Import Error
296,199,f6adbaa7d295c83c481fbd8ad452eb1883f42a2c,9ebc254bb14ed052a0ac459d8c109ae8e0c12233,0.6203,Import Error|Code Styling,Code Styling|Import Error
346,345,db36ac2d272850e6b2f37ff6980f23c47017550a,cc56de1de82a4b19a12b117697ebf21f7edcf8a1,0.6203,Code Styling,Code Formatting
90,159,ff5106ea7e8f83cb7a85bbee6f2299ac736ac860,1da36493c0905f61ee6fa58ebf792f993d3579dc,0.6201,Type Checking|Test Failure,Import Error|Type Checking
157,165,1c533e0065df6fa2c1c75c23125cdc5e8c12ce3c,344c0994f4fce22a64ad9c57270679e51b8e66e6,0.6201,Import Error|Code Styling,Type Checking|Import Error
77,166,d340b3a337398d539f38101282d09dd5e9966354,37c595ac6f390dbccbcfa20f742faa36f34b194a,0.62,Import Error,Import Error
78,167,d78ebf9508e112a8d2526ec26bcc37d8e8a2bfa2,39d992d415c335b61f670c31a68c0edc578e5062,0.6199,Import Error|Type Checking,Import Error|Type Checking
408,420,d172aa270f1f8e46342a6f6944df7765e363460b,f37e7e5966a4009e72e674100657575a9cb04b06,0.6197,Dependency Error,Dependency Error
527,532,459cfd9a9110080f68d50b9ae3b63fa17b0f2f0c,6bc48372692f87d88299e38e4f000bec2b5f88c8,0.6196,Environment Error|Test Failure,Test Failure
71,177,bd46af653e25571f377664c7b7e9228ae8b28e96,69a56c3a1a48f96da4e8c6f71b19dfd71f3f2b8c,0.6195,Code Styling,Code Styling
154,189,18f4596992d6c36ccf9da84ae30083ef65878130,82609349d7098fd5ad1c71f0e057f50cd0074404,0.6194,Code Styling|Import Error,Code Styling|Import Error
152,189,110e09997f8a22a617e261dec9e301129bbead65,82609349d7098fd5ad1c71f0e057f50cd0074404,0.6193,Test Failure|Type Checking,Code Styling|Import Error
91,157,ff8929ce168fb87cf50f6a52e4cc3b12b8fd5e2e,1c533e0065df6fa2c1c75c23125cdc5e8c12ce3c,0.6192,Import Error|Code Styling,Import Error|Code Styling
379,391,b98eccc009b47575b38d985dc18b8655eb2f6143,c043aa7250bd524fe4a9c80b20ee864b59bf7155,0.6192,Type Checking,Type Checking
118,126,a7a139ca8f5d0acdebb205d469166fbe034c2372,ed13d89504c50a1b3f5d9757b74c7aaf38356150,0.6192,Type Checking,Static Analysis|Type Checking
202,203,a52d22193b0ad09104ad4afdc6adddffeb5b8894,ac2b8825370e010e3875415296d16506d231bb90,0.619,Type Checking|Import Error,Type Checking|Import Error
413,415,dbe785e7397a3849c329fda9c181e9290ac95a2a,e1dbd83b5eccd0a5435563900d30381bb4d4f27a,0.619,Dependency,Dependency
179,194,6e5f3fc6534025b5711d84f144d3071f1ff403d2,8c8e822266755d103faa9166aaa4ab3f2aa3e578,0.6189,Import Error|Code Styling,Import Error
462,470,74f293da0a4e2fbf000f41dcf5d004bfe763efd2,8f6f89ef939a8a2f5800f1b8e1bff2263fa88b41,0.6189,Code Styling,Code Styling
77,157,d340b3a337398d539f38101282d09dd5e9966354,1c533e0065df6fa2c1c75c23125cdc5e8c12ce3c,0.6188,Import Error,Import Error|Code Styling
413,418,dbe785e7397a3849c329fda9c181e9290ac95a2a,ed81322247e526f87264c1f8b8e067307cf4a2e3,0.6188,Dependency,Dependency
154,163,18f4596992d6c36ccf9da84ae30083ef65878130,31d6eba6f9be2ea8fc3bf80efc498075f6241cb5,0.6187,Code Styling|Import Error,Code Styling|Test Failure
165,192,344c0994f4fce22a64ad9c57270679e51b8e66e6,8474427eeab92e28766b8051d92e6b46379581e9,0.6187,Type Checking|Import Error,Code Styling|Import Error
115,123,992b9a36ee14ce62ac8639c1ec88ba83e375e525,d4593aedbc14dbd885f63009dcb0a4b962a04be6,0.6187,Type Checking,Test Failure|Type Checking
529,535,511a9296c9215864baf1a1a7ae843ccfa0efdfd9,917c6c79402d69402ae4d4229f9a44cb49bf6867,0.6187,Environment Error|Runtime Error|Test Failure,Environment Error
156,192,1a6efefa726610d7ca262beb8e6adf1607829dbb,8474427eeab92e28766b8051d92e6b46379581e9,0.6186,Type Checking|Import Error,Code Styling|Import Error
76,83,d1e88b8766d152d7d4e7911a0072591db1eb4bcd,e36b14dc3ee04beb3f0d8c2b89252eb864ea5c1a,0.6185,Import Error|Type Checking|Code Styling,Type Checking|Import Error
165,199,344c0994f4fce22a64ad9c57270679e51b8e66e6,9ebc254bb14ed052a0ac459d8c109ae8e0c12233,0.6185,Type Checking|Import Error,Code Styling|Import Error
517,522,a33b26d8520a396ba5dd2de736b63046422ca368,ab9c7f77e0f9f30dc850a0e808f8eacace0a4b2b,0.6185,Code Styling|Type Checking,Code Styling
541,545,b83cb34fc3527b13da672608f375fedf557d6853,c6e622ac4765055bd95f5358a6f19ed3970da9b4,0.6184,Environment Error|Test Failure,Environment Error|Test Failure
167,203,39d992d415c335b61f670c31a68c0edc578e5062,ac2b8825370e010e3875415296d16506d231bb90,0.6182,Import Error|Type Checking,Type Checking|Import Error
154,159,18f4596992d6c36ccf9da84ae30083ef65878130,1da36493c0905f61ee6fa58ebf792f993d3579dc,0.6181,Code Styling|Import Error,Import Error|Type Checking
154,199,18f4596992d6c36ccf9da84ae30083ef65878130,9ebc254bb14ed052a0ac459d8c109ae8e0c12233,0.618,Code Styling|Import Error,Code Styling|Import Error
166,191,37c595ac6f390dbccbcfa20f742faa36f34b194a,840ad511b904f43678ec438464deb893fda58c8b,0.6179,Import Error,Code Styling|Import Error
178,208,6ad4e8d6bb1ea167fa88d68f5396968b713dd7ba,b71bbb2badf2b10a82cbf28201187592972c377d,0.6179,Type Checking,Type Checking
153,156,16c6139ab089f3cd774175cc7a5bc2e0cbd52699,1a6efefa726610d7ca262beb8e6adf1607829dbb,0.6178,Import Error|Type Checking,Type Checking|Import Error
154,181,18f4596992d6c36ccf9da84ae30083ef65878130,6fe4e00e8863c8da28d241cb65632725de6db64b,0.6178,Code Styling|Import Error,Code Styling|Import Error
464,451,770f97a0a0b3f9c8a1e7f4b55ad99376197e28f2,2e7fac1fa5dc8fc049721d23698810c2d2518adf,0.6177,Code Styling,Code Formatting
384,386,bd65f8074258cddb4e29eb1cc1bce77d1a46883f,be303e1d1fbff72f804da366b171ac94b4286acc,0.6176,Test Failure,Test Failure
138,436,92f010054982b709ab300f53b9a8bd407ab51e3f,0f47a35383b9379d4ae85795eb9275fbc887e593,0.6176,Code Styling,Code Styling
91,181,ff8929ce168fb87cf50f6a52e4cc3b12b8fd5e2e,6fe4e00e8863c8da28d241cb65632725de6db64b,0.6175,Import Error|Code Styling,Code Styling|Import Error
160,176,233c76da6b91def1e9d09a3fe170578c0bded0aa,6865351833c002710b5e861a4ff6bc05b74afd4b,0.6175,Code Styling,Code Styling|Import Error
86,150,f2436c62292765f014a0dd30a013035abd13c33f,073ad2a4332ae2ea545fd18c601fdf2171d150c6,0.6174,Type Checking|Import Error,Type Checking|Import Error
151,168,09c3a7624b042f0af173fb95362fbefbb3d32522,3a9a0b4124d28c2f4735ffad30b83bf4b1c82477,0.6174,Import Error|Type Checking,Import Error|Code Styling|Type Checking
82,199,e22825fa77b3e549db08147a90c061e695726fb2,9ebc254bb14ed052a0ac459d8c109ae8e0c12233,0.6173,Code Styling,Code Styling|Import Error
462,461,74f293da0a4e2fbf000f41dcf5d004bfe763efd2,73be451c05da635aa2828a6c3afb6e924da1ca03,0.6172,Code Styling,Code Formatting|Code Styling
91,189,ff8929ce168fb87cf50f6a52e4cc3b12b8fd5e2e,82609349d7098fd5ad1c71f0e057f50cd0074404,0.6171,Import Error|Code Styling,Code Styling|Import Error
161,200,235e19d6998790dd527e8a43710990aef29359b1,a19827aa499277f65d5314ace68e2ddee7a25f4c,0.6171,Test Failure|Type Checking,Type Checking|Test Failure
540,545,b41c3a617f8b67bd12b40558e6ce45fcfe18be16,c6e622ac4765055bd95f5358a6f19ed3970da9b4,0.6171,Environment,Environment Error|Test Failure
504,512,7b5ea73b4d5ae96d3e764a48f2d123c35e4295d2,88c4f3ff124763577043c1741057863ee519f9b2,0.6169,Code Styling|Type Checking,Type Checking|Code Formatting
508,511,845e83099b5364b6bede874608bdad62ac318bc9,87ef1325e80dbb82693c7e59dff4f4f37d68da65,0.6169,Type Checking,Type Checking
153,167,16c6139ab089f3cd774175cc7a5bc2e0cbd52699,39d992d415c335b61f670c31a68c0edc578e5062,0.6168,Import Error|Type Checking,Import Error|Type Checking
529,541,511a9296c9215864baf1a1a7ae843ccfa0efdfd9,b83cb34fc3527b13da672608f375fedf557d6853,0.6168,Environment Error|Runtime Error|Test Failure,Environment Error|Test Failure
165,209,344c0994f4fce22a64ad9c57270679e51b8e66e6,b9a749745c9e91ee446a6ebdda7640d49cac8027,0.6167,Type Checking|Import Error,Test Failure|Type Checking
181,207,6fe4e00e8863c8da28d241cb65632725de6db64b,b55b03d12d1c33d6fb57e3c36aad243bb089b41c,0.6167,Code Styling|Import Error,Type Checking|Import Error
73,159,c27ea5332c1d979ad2fc0c2b09ff571c9538f423,1da36493c0905f61ee6fa58ebf792f993d3579dc,0.6166,Import Error,Import Error|Type Checking
452,451,35bcc1e64e7a71cdf06972952cdcebe52cc6a6e9,2e7fac1fa5dc8fc049721d23698810c2d2518adf,0.6166,Code Formatting,Code Formatting
88,153,fa597eab63defb9e7e146e73c6ee23fb00f16284,16c6139ab089f3cd774175cc7a5bc2e0cbd52699,0.6165,Test Failure|Type Checking,Import Error|Type Checking
175,189,67b1780b01f5d7461dc9b3d189d25acecbdb171d,82609349d7098fd5ad1c71f0e057f50cd0074404,0.6165,Type Checking|Import Error|Code Styling,Code Styling|Import Error
73,167,c27ea5332c1d979ad2fc0c2b09ff571c9538f423,39d992d415c335b61f670c31a68c0edc578e5062,0.6164,Import Error,Import Error|Type Checking
73,193,c27ea5332c1d979ad2fc0c2b09ff571c9538f423,84d26c4b6b5881367cdabfc56d29b50389f1ba92,0.6162,Import Error,Import Error|Type Checking
172,178,55c8c01643e65d53cf29664e5d5dc6d7307272d6,6ad4e8d6bb1ea167fa88d68f5396968b713dd7ba,0.6162,Test Failure|Type Checking,Type Checking
507,519,82fe739a979a58067738c7f97cbb8444f12277d5,a6fe43891c18bd852285700abf2b9f32c9c44441,0.6162,Type Checking|Code Styling,Type Checking
431,432,ccd70011ea8680e351ccdea190cc7ae52486d404,cec8c72b4609f69a21bebd233c2662fa7bdd078b,0.6161,Code Styling,Linting
168,181,3a9a0b4124d28c2f4735ffad30b83bf4b1c82477,6fe4e00e8863c8da28d241cb65632725de6db64b,0.616,Import Error|Code Styling|Type Checking,Code Styling|Import Error
152,174,110e09997f8a22a617e261dec9e301129bbead65,601a9c6986f1659f3051449238c0c0c5d2ef4124,0.6159,Test Failure|Type Checking,Import Error|Type Checking
186,193,7da71b58b1eb9b56ac1b4423afd9da61679a706e,84d26c4b6b5881367cdabfc56d29b50389f1ba92,0.6159,Import Error|Code Styling,Import Error|Type Checking
92,96,48376e59c2d51260b1c6d2a14dcf58ab5066f88e,803a8db60cb2ce21c0e3b0ed2b773d2ecc5142bd,0.6154,Test Failure,Test Failure
184,189,7b8834b321a97bc57d7a5ac82680c24aff793b91,82609349d7098fd5ad1c71f0e057f50cd0074404,0.6153,Import Error|Type Checking,Code Styling|Import Error
462,472,74f293da0a4e2fbf000f41dcf5d004bfe763efd2,91a466d66855d3123a7fc03f9685de730f724895,0.6153,Code Styling,Code Styling|Network Error
86,201,f2436c62292765f014a0dd30a013035abd13c33f,a4f765fa10f5588775b757a3b3bafb3194f8ac86,0.6152,Type Checking|Import Error,Import Error|Type Checking
296,179,f6adbaa7d295c83c481fbd8ad452eb1883f42a2c,6e5f3fc6534025b5711d84f144d3071f1ff403d2,0.6152,Import Error|Code Styling,Import Error|Code Styling
183,194,78c5d662bf2145c91356e5185db05a17950b3dc4,8c8e822266755d103faa9166aaa4ab3f2aa3e578,0.6152,Type Checking|Import Error,Import Error
473,479,926f6108861434b74b89f4836c9ee0f3bd0ebe78,9df3e7857276b4804d1fadc0c33b4df0c6e5c254,0.6151,Network,Network
296,168,f6adbaa7d295c83c481fbd8ad452eb1883f42a2c,3a9a0b4124d28c2f4735ffad30b83bf4b1c82477,0.615,Import Error|Code Styling,Import Error|Code Styling|Type Checking
193,206,84d26c4b6b5881367cdabfc56d29b50389f1ba92,aef89d7979ff37db1e5e5a75265767e0c460b0ba,0.6149,Import Error|Type Checking,Type Checking
74,84,c434e89bee35d93f4e741c32dc36c5a9a68404df,ede117552a48bee7f674fbfab87d9586f2fabe19,0.6147,Type Checking|Import Error,Import Error|Type Checking
380,381,b9f8134e8fde8560545d73ff924ed9ed7e490ef9,ba48f0fe90578d842327c4ee49980fc212524cf6,0.6147,Test Failure,Test Failure
523,529,2bc817d871c542da601633e6ba1db878bd9bb1fc,511a9296c9215864baf1a1a7ae843ccfa0efdfd9,0.6147,Environment Error|Test Failure,Environment Error|Runtime Error|Test Failure
79,88,da9d2e853bd3c3111d4d8864906975c75f7e9888,fa597eab63defb9e7e146e73c6ee23fb00f16284,0.6145,Type Checking|Import Error,Test Failure|Type Checking
86,187,f2436c62292765f014a0dd30a013035abd13c33f,7efb1f09096dd41ea09b30ceb17746686931d1cf,0.6145,Type Checking|Import Error,Code Styling|Import Error
188,195,7f4d750eaf81c6f8384ed8246180c29bb45ea7bf,96cab6eebb5bd0c37a60a93f3e3495fdb08793f9,0.6145,Type Checking,Type Checking
84,179,ede117552a48bee7f674fbfab87d9586f2fabe19,6e5f3fc6534025b5711d84f144d3071f1ff403d2,0.6144,Import Error|Type Checking,Import Error|Code Styling
187,191,7efb1f09096dd41ea09b30ceb17746686931d1cf,840ad511b904f43678ec438464deb893fda58c8b,0.6144,Code Styling|Import Error,Code Styling|Import Error
382,385,bb01eda695bcf0f7d79149c2353ca9cd400cd9ff,bdf0e8ccb9f8ba396d78e8154e6ad213cff059a7,0.6144,Type Checking,Type Checking
74,197,c434e89bee35d93f4e741c32dc36c5a9a68404df,98c0877ed94c574c7a6eae2f2eb662bfcef1ba87,0.6143,Type Checking|Import Error,Test Failure|Type Checking
154,192,18f4596992d6c36ccf9da84ae30083ef65878130,8474427eeab92e28766b8051d92e6b46379581e9,0.6143,Code Styling|Import Error,Code Styling|Import Error
87,207,f6f8da08fb440f8856510d0837876c41eb182dfc,b55b03d12d1c33d6fb57e3c36aad243bb089b41c,0.6142,Type Checking,Type Checking|Import Error
159,162,1da36493c0905f61ee6fa58ebf792f993d3579dc,3045ad82fb7ebc1182bf5d0a1d64713bec621512,0.6142,Import Error|Type Checking,Code Styling|Import Error
296,163,f6adbaa7d295c83c481fbd8ad452eb1883f42a2c,31d6eba6f9be2ea8fc3bf80efc498075f6241cb5,0.6138,Import Error|Code Styling,Code Styling|Test Failure
507,512,82fe739a979a58067738c7f97cbb8444f12277d5,88c4f3ff124763577043c1741057863ee519f9b2,0.6138,Type Checking|Code Styling,Type Checking|Code Formatting
481,491,a04519a24a8f6e554b6df68099118c350223953a,c46ca36c8e3d00d736d38f01c0f716cd2cade957,0.6135,Static Analysis,Code Formatting|Network Error
526,546,44cf736f9ad32392d86c990b2c3140d0ef359fd2,dcba90e30c60bdb723989d610211052f9034bdc8,0.6135,Environment Error,Environment Error|Test Failure
504,515,7b5ea73b4d5ae96d3e764a48f2d123c35e4295d2,9f1e1bd929f24c15a85450be0835ca82fa187cd2,0.6134,Code Styling|Type Checking,Type Checking
337,338,d1fc8665c79e298c95cecc5e770fd2454ff5aada,e2105a08c4f170a19caf838d8a84e13271a77334,0.6133,Static Analysis,Code Styling
80,172,dc07b7a4e5314d29edb7e9c30d36e12a6dec3dd7,55c8c01643e65d53cf29664e5d5dc6d7307272d6,0.6132,Test Failure|Type Checking,Test Failure|Type Checking
507,513,82fe739a979a58067738c7f97cbb8444f12277d5,9bb69bd3d47cee279dd2a63d65476ad37d0398dd,0.6132,Type Checking|Code Styling,Type Checking
89,199,fb10c6e8e2f7ca6d855f8cfeda8bae8f4a644e7c,9ebc254bb14ed052a0ac459d8c109ae8e0c12233,0.6131,Import Error|Type Checking,Code Styling|Import Error
464,458,770f97a0a0b3f9c8a1e7f4b55ad99376197e28f2,5b325d99df8607748c1c3653cc42730a135bd53d,0.6131,Code Styling,Static Analysis
488,494,bb1cae1a20dd10bce644319d6fc26b1d51c1d666,ee19007ba4a51af406a9e80d2b1b53ffc7d713a7,0.6131,Network Error,Network Error
156,199,1a6efefa726610d7ca262beb8e6adf1607829dbb,9ebc254bb14ed052a0ac459d8c109ae8e0c12233,0.613,Type Checking|Import Error,Code Styling|Import Error
77,207,d340b3a337398d539f38101282d09dd5e9966354,b55b03d12d1c33d6fb57e3c36aad243bb089b41c,0.6127,Import Error,Type Checking|Import Error
79,193,da9d2e853bd3c3111d4d8864906975c75f7e9888,84d26c4b6b5881367cdabfc56d29b50389f1ba92,0.6127,Type Checking|Import Error,Import Error|Type Checking
85,156,f06bfb4ef15132a04a3983b4aa40f2e385ef7c04,1a6efefa726610d7ca262beb8e6adf1607829dbb,0.6127,Type Checking,Type Checking|Import Error
177,192,69a56c3a1a48f96da4e8c6f71b19dfd71f3f2b8c,8474427eeab92e28766b8051d92e6b46379581e9,0.6126,Code Styling,Code Styling|Import Error
527,537,459cfd9a9110080f68d50b9ae3b63fa17b0f2f0c,9dc2989bf314072dcfa5ddc2e481df5fc3132b07,0.6126,Environment Error|Test Failure,Test Failure
73,157,c27ea5332c1d979ad2fc0c2b09ff571c9538f423,1c533e0065df6fa2c1c75c23125cdc5e8c12ce3c,0.6125,Import Error,Import Error|Code Styling
184,192,7b8834b321a97bc57d7a5ac82680c24aff793b91,8474427eeab92e28766b8051d92e6b46379581e9,0.6124,Import Error|Type Checking,Code Styling|Import Error
77,176,d340b3a337398d539f38101282d09dd5e9966354,6865351833c002710b5e861a4ff6bc05b74afd4b,0.6123,Import Error,Code Styling|Import Error
78,204,d78ebf9508e112a8d2526ec26bcc37d8e8a2bfa2,acdbed3f7aacf32067b3353d653825efd06caeac,0.6122,Import Error|Type Checking,Import Error|Type Checking
335,339,abc695c3074f1400432fd74ecc75d50f439147b3,e6d2dc68133f80003d2ac7429bcf7715b8c920d0,0.6122,Static Analysis,Static Analysis
150,186,073ad2a4332ae2ea545fd18c601fdf2171d150c6,7da71b58b1eb9b56ac1b4423afd9da61679a706e,0.6121,Type Checking|Import Error,Import Error|Code Styling
151,206,09c3a7624b042f0af173fb95362fbefbb3d32522,aef89d7979ff37db1e5e5a75265767e0c460b0ba,0.6121,Import Error|Type Checking,Type Checking
151,209,09c3a7624b042f0af173fb95362fbefbb3d32522,b9a749745c9e91ee446a6ebdda7640d49cac8027,0.6121,Import Error|Type Checking,Test Failure|Type Checking
529,537,511a9296c9215864baf1a1a7ae843ccfa0efdfd9,9dc2989bf314072dcfa5ddc2e481df5fc3132b07,0.612,Environment Error|Runtime Error|Test Failure,Test Failure
74,88,c434e89bee35d93f4e741c32dc36c5a9a68404df,fa597eab63defb9e7e146e73c6ee23fb00f16284,0.6119,Type Checking|Import Error,Test Failure|Type Checking
84,167,ede117552a48bee7f674fbfab87d9586f2fabe19,39d992d415c335b61f670c31a68c0edc578e5062,0.6118,Import Error|Type Checking,Import Error|Type Checking
86,192,f2436c62292765f014a0dd30a013035abd13c33f,8474427eeab92e28766b8051d92e6b46379581e9,0.6117,Type Checking|Import Error,Code Styling|Import Error
156,197,1a6efefa726610d7ca262beb8e6adf1607829dbb,98c0877ed94c574c7a6eae2f2eb662bfcef1ba87,0.6117,Type Checking|Import Error,Test Failure|Type Checking
159,176,1da36493c0905f61ee6fa58ebf792f993d3579dc,6865351833c002710b5e861a4ff6bc05b74afd4b,0.6117,Import Error|Type Checking,Code Styling|Import Error
409,413,d1d58073979cfb6eb10b25f18aa061b137c20c3a,dbe785e7397a3849c329fda9c181e9290ac95a2a,0.6116,Dependency Error,Dependency
85,155,f06bfb4ef15132a04a3983b4aa40f2e385ef7c04,1a41bfdce3fbdd13b1269f0acc04885762c39dd1,0.6114,Type Checking,Type Checking|Import Error
156,203,1a6efefa726610d7ca262beb8e6adf1607829dbb,ac2b8825370e010e3875415296d16506d231bb90,0.6114,Type Checking|Import Error,Type Checking|Import Error
74,153,c434e89bee35d93f4e741c32dc36c5a9a68404df,16c6139ab089f3cd774175cc7a5bc2e0cbd52699,0.6113,Type Checking|Import Error,Import Error|Type Checking
167,200,39d992d415c335b61f670c31a68c0edc578e5062,a19827aa499277f65d5314ace68e2ddee7a25f4c,0.6112,Import Error|Type Checking,Type Checking|Test Failure
183,189,78c5d662bf2145c91356e5185db05a17950b3dc4,82609349d7098fd5ad1c71f0e057f50cd0074404,0.6112,Type Checking|Import Error,Code Styling|Import Error
199,202,9ebc254bb14ed052a0ac459d8c109ae8e0c12233,a52d22193b0ad09104ad4afdc6adddffeb5b8894,0.6112,Code Styling|Import Error,Type Checking|Import Error
455,474,46e4e85039f556a4ddb395d794a161e99045f6ec,92c4ad86527a2bae4c7d10f2304f57c7d3d1f531,0.6111,Code Formatting,Code Formatting
499,515,6bdb4d59201c468bf69d4c903e0a9800329857a0,9f1e1bd929f24c15a85450be0835ca82fa187cd2,0.6111,Type Checking,Type Checking
90,204,ff5106ea7e8f83cb7a85bbee6f2299ac736ac860,acdbed3f7aacf32067b3353d653825efd06caeac,0.611,Type Checking|Test Failure,Import Error|Type Checking
456,458,4a8ff81c3d4fa26b03a0268deb02d584d6e851ec,5b325d99df8607748c1c3653cc42730a135bd53d,0.611,Type Checking,Static Analysis
80,152,dc07b7a4e5314d29edb7e9c30d36e12a6dec3dd7,110e09997f8a22a617e261dec9e301129bbead65,0.6108,Test Failure|Type Checking,Test Failure|Type Checking
185,200,7d51d48b09bbc5e6311becec1c1a4150fde89b4e,a19827aa499277f65d5314ace68e2ddee7a25f4c,0.6108,Type Checking|Test Failure,Type Checking|Test Failure
115,121,992b9a36ee14ce62ac8639c1ec88ba83e375e525,c3a3944a6d50067aa5937e22e97eac0a64631f47,0.6108,Type Checking,Type Checking|Dependency Error
531,533,6bba89ef571ce4e6cc51725bb6f64080153e0f0a,724d69aae2ea31412605bf8687fed1abb3a29ba9,0.6108,Test Failure,Test Failure
78,155,d78ebf9508e112a8d2526ec26bcc37d8e8a2bfa2,1a41bfdce3fbdd13b1269f0acc04885762c39dd1,0.6107,Import Error|Type Checking,Type Checking|Import Error
79,181,da9d2e853bd3c3111d4d8864906975c75f7e9888,6fe4e00e8863c8da28d241cb65632725de6db64b,0.6106,Type Checking|Import Error,Code Styling|Import Error
445,483,02237e2a7e177390256eef0d1beb3a0a8c942acc,a75910a20e55e34431db5c3d7626c954b4d4f388,0.6106,Code Formatting,Code Formatting
76,193,d1e88b8766d152d7d4e7911a0072591db1eb4bcd,84d26c4b6b5881367cdabfc56d29b50389f1ba92,0.6103,Import Error|Type Checking|Code Styling,Import Error|Type Checking
156,200,1a6efefa726610d7ca262beb8e6adf1607829dbb,a19827aa499277f65d5314ace68e2ddee7a25f4c,0.6103,Type Checking|Import Error,Type Checking|Test Failure
166,168,37c595ac6f390dbccbcfa20f742faa36f34b194a,3a9a0b4124d28c2f4735ffad30b83bf4b1c82477,0.6103,Import Error,Import Error|Code Styling|Type Checking
330,337,34d266419c7e9ea075d674394e5fa567c2720d08,d1fc8665c79e298c95cecc5e770fd2454ff5aada,0.6103,Code Styling,Static Analysis
248,314,fdf5d0ecff09bdd75fcd9a15b83f381d6e08b780,61b034a122453c563e1304c0977230172d5e8767,0.6103,Test Failure,Code Formatting|Test Failure
73,168,c27ea5332c1d979ad2fc0c2b09ff571c9538f423,3a9a0b4124d28c2f4735ffad30b83bf4b1c82477,0.61,Import Error,Import Error|Code Styling|Type Checking
168,183,3a9a0b4124d28c2f4735ffad30b83bf4b1c82477,78c5d662bf2145c91356e5185db05a17950b3dc4,0.6099,Import Error|Code Styling|Type Checking,Type Checking|Import Error
445,478,02237e2a7e177390256eef0d1beb3a0a8c942acc,9cf62fab15cce046bb01baf9d0d312ba4da659c3,0.6099,Code Formatting,Code Styling
534,544,7e7ae9921daa1d1c5c74e8f3f8852333b3cd7c53,c69fd6009fd8b027305163e7e4200f6ad67af95a,0.6099,Import Error|Environment Error|Test Failure,Environment Error|Test Failure
165,173,344c0994f4fce22a64ad9c57270679e51b8e66e6,5f24cca27fe01045314ee6ddb7619e164ada0c91,0.6098,Type Checking|Import Error,Import Error
98,69,852f8655c69f4704965b19c0bbfadca6777ef23e,d85078a610cbad69e8561060229aa8f35b4e1163,0.6098,Runtime Error|Test Failure,Test Failure
86,153,f2436c62292765f014a0dd30a013035abd13c33f,16c6139ab089f3cd774175cc7a5bc2e0cbd52699,0.6096,Type Checking|Import Error,Import Error|Type Checking
162,184,3045ad82fb7ebc1182bf5d0a1d64713bec621512,7b8834b321a97bc57d7a5ac82680c24aff793b91,0.6094,Code Styling|Import Error,Import Error|Type Checking
105,117,424e2bec035589620a6ae25f51d4f389adc3a12e,a6517d5fc23bbb6be3424924264025b961df3fe2,0.6092,Code Formatting,Code Styling|Type Checking
75,184,ca75b3dc2cfaf4d6a9409109f10b285bdf6a8097,7b8834b321a97bc57d7a5ac82680c24aff793b91,0.609,Type Checking,Import Error|Type Checking
86,151,f2436c62292765f014a0dd30a013035abd13c33f,09c3a7624b042f0af173fb95362fbefbb3d32522,0.609,Type Checking|Import Error,Import Error|Type Checking
91,163,ff8929ce168fb87cf50f6a52e4cc3b12b8fd5e2e,31d6eba6f9be2ea8fc3bf80efc498075f6241cb5,0.609,Import Error|Code Styling,Code Styling|Test Failure
508,522,845e83099b5364b6bede874608bdad62ac318bc9,ab9c7f77e0f9f30dc850a0e808f8eacace0a4b2b,0.609,Type Checking,Code Styling
103,108,1366645090f139b99f4606faf8cb1f054330213e,44eb41928c49ec0438728ea76283495461dc2e19,0.6089,Type Checking,Code Styling
159,204,1da36493c0905f61ee6fa58ebf792f993d3579dc,acdbed3f7aacf32067b3353d653825efd06caeac,0.6087,Import Error|Type Checking,Import Error|Type Checking
508,519,845e83099b5364b6bede874608bdad62ac318bc9,a6fe43891c18bd852285700abf2b9f32c9c44441,0.6087,Type Checking,Type Checking
159,173,1da36493c0905f61ee6fa58ebf792f993d3579dc,5f24cca27fe01045314ee6ddb7619e164ada0c91,0.6086,Import Error|Type Checking,Import Error
184,199,7b8834b321a97bc57d7a5ac82680c24aff793b91,9ebc254bb14ed052a0ac459d8c109ae8e0c12233,0.6086,Import Error|Type Checking,Code Styling|Import Error
107,113,44cc14aa3f36dbd14049106933dcd12bdb1fead4,6aee1d58e8ce6402c48325c8c479dae84596d352,0.6086,Type Checking,Type Checking
447,479,091b008384f701eda98979586e9f051aeb6ab7e6,9df3e7857276b4804d1fadc0c33b4df0c6e5c254,0.6085,Network Error,Network
103,115,1366645090f139b99f4606faf8cb1f054330213e,992b9a36ee14ce62ac8639c1ec88ba83e375e525,0.6084,Type Checking,Type Checking
383,392,bbe646cb38f74b164402f9eac9ee486176f22b8d,c058e355b7652337c512f4cad727cc391e641b63,0.6083,Test Failure,Import Error
106,117,444017d8b29540c809f8a7b6479fcb124f229ab8,a6517d5fc23bbb6be3424924264025b961df3fe2,0.6083,Test Failure|Type Checking,Code Styling|Type Checking
506,517,80fe937279863ecf49a66640859a9d9dd17ec23b,a33b26d8520a396ba5dd2de736b63046422ca368,0.6083,Code Styling,Code Styling|Type Checking
109,110,5f98672f68c7f4acdf3e6f68fd79e66b56d0b529,63b90b943bab2b7897e968fcea280f6a8ecc229b,0.6082,Code Formatting,Code Styling
560,565,033df9f74d897a258ccc62d712bdcf192308be62,0bef3aba9a6f8b20804f2234ab6392359091e965,0.6082,Import Error,Test Failure
74,91,c434e89bee35d93f4e741c32dc36c5a9a68404df,ff8929ce168fb87cf50f6a52e4cc3b12b8fd5e2e,0.6079,Type Checking|Import Error,Import Error|Code Styling
193,197,84d26c4b6b5881367cdabfc56d29b50389f1ba92,98c0877ed94c574c7a6eae2f2eb662bfcef1ba87,0.6079,Import Error|Type Checking,Test Failure|Type Checking
89,159,fb10c6e8e2f7ca6d855f8cfeda8bae8f4a644e7c,1da36493c0905f61ee6fa58ebf792f993d3579dc,0.6077,Import Error|Type Checking,Import Error|Type Checking
184,200,7b8834b321a97bc57d7a5ac82680c24aff793b91,a19827aa499277f65d5314ace68e2ddee7a25f4c,0.6076,Import Error|Type Checking,Type Checking|Test Failure
163,179,31d6eba6f9be2ea8fc3bf80efc498075f6241cb5,6e5f3fc6534025b5711d84f144d3071f1ff403d2,0.6075,Code Styling|Test Failure,Import Error|Code Styling
165,204,344c0994f4fce22a64ad9c57270679e51b8e66e6,acdbed3f7aacf32067b3353d653825efd06caeac,0.6074,Type Checking|Import Error,Import Error|Type Checking
74,176,c434e89bee35d93f4e741c32dc36c5a9a68404df,6865351833c002710b5e861a4ff6bc05b74afd4b,0.6071,Type Checking|Import Error,Code Styling|Import Error
77,185,d340b3a337398d539f38101282d09dd5e9966354,7d51d48b09bbc5e6311becec1c1a4150fde89b4e,0.6071,Import Error,Type Checking|Test Failure
80,197,dc07b7a4e5314d29edb7e9c30d36e12a6dec3dd7,98c0877ed94c574c7a6eae2f2eb662bfcef1ba87,0.6071,Test Failure|Type Checking,Test Failure|Type Checking
191,207,840ad511b904f43678ec438464deb893fda58c8b,b55b03d12d1c33d6fb57e3c36aad243bb089b41c,0.6071,Code Styling|Import Error,Type Checking|Import Error
472,481,91a466d66855d3123a7fc03f9685de730f724895,a04519a24a8f6e554b6df68099118c350223953a,0.6071,Code Styling|Network Error,Static Analysis
388,395,bee41c19610cd35c5663e176e0fe1459e6bd80f3,c1403f5eff1e82c734b26cd56894654dcee4d502,0.6071,Type Checking,Type Checking
533,534,724d69aae2ea31412605bf8687fed1abb3a29ba9,7e7ae9921daa1d1c5c74e8f3f8852333b3cd7c53,0.6069,Test Failure,Import Error|Environment Error|Test Failure
427,432,946865a335e58efdaee920affe3f3fe737f292b6,cec8c72b4609f69a21bebd233c2662fa7bdd078b,0.6069,Linting,Linting
83,178,e36b14dc3ee04beb3f0d8c2b89252eb864ea5c1a,6ad4e8d6bb1ea167fa88d68f5396968b713dd7ba,0.6068,Type Checking|Import Error,Type Checking
153,184,16c6139ab089f3cd774175cc7a5bc2e0cbd52699,7b8834b321a97bc57d7a5ac82680c24aff793b91,0.6068,Import Error|Type Checking,Import Error|Type Checking
106,118,444017d8b29540c809f8a7b6479fcb124f229ab8,a7a139ca8f5d0acdebb205d469166fbe034c2372,0.6068,Test Failure|Type Checking,Type Checking
523,545,2bc817d871c542da601633e6ba1db878bd9bb1fc,c6e622ac4765055bd95f5358a6f19ed3970da9b4,0.6068,Environment Error|Test Failure,Environment Error|Test Failure
91,192,ff8929ce168fb87cf50f6a52e4cc3b12b8fd5e2e,8474427eeab92e28766b8051d92e6b46379581e9,0.6066,Import Error|Code Styling,Code Styling|Import Error
79,209,da9d2e853bd3c3111d4d8864906975c75f7e9888,b9a749745c9e91ee446a6ebdda7640d49cac8027,0.6065,Type Checking|Import Error,Test Failure|Type Checking
157,186,1c533e0065df6fa2c1c75c23125cdc5e8c12ce3c,7da71b58b1eb9b56ac1b4423afd9da61679a706e,0.6065,Import Error|Code Styling,Import Error|Code Styling
273,274,49fc1f68d7b34a8ce47e5bfa8ae52b19222e6528,76de63fdc2facad254862b3db7e7f44a1e381cd2,0.6065,Code Formatting,Code Styling
79,200,da9d2e853bd3c3111d4d8864906975c75f7e9888,a19827aa499277f65d5314ace68e2ddee7a25f4c,0.6064,Type Checking|Import Error,Type Checking|Test Failure
86,193,f2436c62292765f014a0dd30a013035abd13c33f,84d26c4b6b5881367cdabfc56d29b50389f1ba92,0.6064,Type Checking|Import Error,Import Error|Type Checking
191,202,840ad511b904f43678ec438464deb893fda58c8b,a52d22193b0ad09104ad4afdc6adddffeb5b8894,0.6064,Code Styling|Import Error,Type Checking|Import Error
89,165,fb10c6e8e2f7ca6d855f8cfeda8bae8f4a644e7c,344c0994f4fce22a64ad9c57270679e51b8e66e6,0.6062,Import Error|Type Checking,Type Checking|Import Error
406,381,c4b91c30a2238a1f3399143e846f1b814b7ae6e2,ba48f0fe90578d842327c4ee49980fc212524cf6,0.606,Test Failure,Test Failure
359,360,f0b242b6794352fc7d4c8e46f7a1c532b31f0418,fcb5b3b5b2febd0e703e9afa1a0d7bba12a0e985,0.606,Static Analysis|Test Failure|Workflow Error,Type Checking|Test Failure|Workflow Error
151,199,09c3a7624b042f0af173fb95362fbefbb3d32522,9ebc254bb14ed052a0ac459d8c109ae8e0c12233,0.6059,Import Error|Type Checking,Code Styling|Import Error
155,183,1a41bfdce3fbdd13b1269f0acc04885762c39dd1,78c5d662bf2145c91356e5185db05a17950b3dc4,0.6058,Type Checking|Import Error,Type Checking|Import Error
155,200,1a41bfdce3fbdd13b1269f0acc04885762c39dd1,a19827aa499277f65d5314ace68e2ddee7a25f4c,0.6058,Type Checking|Import Error,Type Checking|Test Failure
161,184,235e19d6998790dd527e8a43710990aef29359b1,7b8834b321a97bc57d7a5ac82680c24aff793b91,0.6056,Test Failure|Type Checking,Import Error|Type Checking
167,172,39d992d415c335b61f670c31a68c0edc578e5062,55c8c01643e65d53cf29664e5d5dc6d7307272d6,0.6055,Import Error|Type Checking,Test Failure|Type Checking
183,204,78c5d662bf2145c91356e5185db05a17950b3dc4,acdbed3f7aacf32067b3353d653825efd06caeac,0.6055,Type Checking|Import Error,Import Error|Type Checking
504,505,7b5ea73b4d5ae96d3e764a48f2d123c35e4295d2,7d72b013e4ef17166f056cdd94741156d0001114,0.6055,Code Styling|Type Checking,Type Checking
90,203,ff5106ea7e8f83cb7a85bbee6f2299ac736ac860,ac2b8825370e010e3875415296d16506d231bb90,0.6052,Type Checking|Test Failure,Type Checking|Import Error
91,187,ff8929ce168fb87cf50f6a52e4cc3b12b8fd5e2e,7efb1f09096dd41ea09b30ceb17746686931d1cf,0.6052,Import Error|Code Styling,Code Styling|Import Error
158,176,1d0fff71ae9ea258fad3d54257be9ca9b3eb499e,6865351833c002710b5e861a4ff6bc05b74afd4b,0.6052,Code Styling,Code Styling|Import Error
197,204,98c0877ed94c574c7a6eae2f2eb662bfcef1ba87,acdbed3f7aacf32067b3353d653825efd06caeac,0.6052,Test Failure|Type Checking,Import Error|Type Checking
91,154,ff8929ce168fb87cf50f6a52e4cc3b12b8fd5e2e,18f4596992d6c36ccf9da84ae30083ef65878130,0.6049,Import Error|Code Styling,Code Styling|Import Error
296,191,f6adbaa7d295c83c481fbd8ad452eb1883f42a2c,840ad511b904f43678ec438464deb893fda58c8b,0.6049,Import Error|Code Styling,Code Styling|Import Error
84,193,ede117552a48bee7f674fbfab87d9586f2fabe19,84d26c4b6b5881367cdabfc56d29b50389f1ba92,0.6047,Import Error|Type Checking,Import Error|Type Checking
85,207,f06bfb4ef15132a04a3983b4aa40f2e385ef7c04,b55b03d12d1c33d6fb57e3c36aad243bb089b41c,0.6047,Type Checking,Type Checking|Import Error
90,182,ff5106ea7e8f83cb7a85bbee6f2299ac736ac860,754f4d3afe097bd3d360bb8a186acd95cc2542ea,0.6046,Type Checking|Test Failure,Test Failure
532,546,6bc48372692f87d88299e38e4f000bec2b5f88c8,dcba90e30c60bdb723989d610211052f9034bdc8,0.6044,Test Failure,Environment Error|Test Failure
78,197,d78ebf9508e112a8d2526ec26bcc37d8e8a2bfa2,98c0877ed94c574c7a6eae2f2eb662bfcef1ba87,0.6043,Import Error|Type Checking,Test Failure|Type Checking
115,122,992b9a36ee14ce62ac8639c1ec88ba83e375e525,cbb7561e4e0d81a027fbd7ff6482fea13ee17398,0.6043,Type Checking,Type Checking
182,170,754f4d3afe097bd3d360bb8a186acd95cc2542ea,4b5113e905468a8710137ff717685e5728e9cadf,0.6041,Test Failure,Import Error|Type Checking
108,117,44eb41928c49ec0438728ea76283495461dc2e19,a6517d5fc23bbb6be3424924264025b961df3fe2,0.6041,Code Styling,Code Styling|Type Checking
73,160,c27ea5332c1d979ad2fc0c2b09ff571c9538f423,233c76da6b91def1e9d09a3fe170578c0bded0aa,0.6037,Import Error,Code Styling
295,151,d6626e5de246cce87651793060322ff1b3f7e0c0,09c3a7624b042f0af173fb95362fbefbb3d32522,0.6037,Import Error,Import Error|Type Checking
524,533,2dc8938083a1e6e99ce7dd4105d32f1c5d7641a5,724d69aae2ea31412605bf8687fed1abb3a29ba9,0.6037,Test Failure,Test Failure
383,386,bbe646cb38f74b164402f9eac9ee486176f22b8d,be303e1d1fbff72f804da366b171ac94b4286acc,0.6036,Test Failure,Test Failure
103,117,1366645090f139b99f4606faf8cb1f054330213e,a6517d5fc23bbb6be3424924264025b961df3fe2,0.6036,Type Checking,Code Styling|Type Checking
85,185,f06bfb4ef15132a04a3983b4aa40f2e385ef7c04,7d51d48b09bbc5e6311becec1c1a4150fde89b4e,0.6035,Type Checking,Type Checking|Test Failure
162,202,3045ad82fb7ebc1182bf5d0a1d64713bec621512,a52d22193b0ad09104ad4afdc6adddffeb5b8894,0.6035,Code Styling|Import Error,Type Checking|Import Error
168,192,3a9a0b4124d28c2f4735ffad30b83bf4b1c82477,8474427eeab92e28766b8051d92e6b46379581e9,0.6035,Import Error|Code Styling|Type Checking,Code Styling|Import Error
508,516,845e83099b5364b6bede874608bdad62ac318bc9,a0e2fac3caab48e049f40f221414d3dc648c6326,0.6035,Type Checking,Type Checking
153,193,16c6139ab089f3cd774175cc7a5bc2e0cbd52699,84d26c4b6b5881367cdabfc56d29b50389f1ba92,0.6033,Import Error|Type Checking,Import Error|Type Checking
168,184,3a9a0b4124d28c2f4735ffad30b83bf4b1c82477,7b8834b321a97bc57d7a5ac82680c24aff793b91,0.6033,Import Error|Code Styling|Type Checking,Import Error|Type Checking
202,204,a52d22193b0ad09104ad4afdc6adddffeb5b8894,acdbed3f7aacf32067b3353d653825efd06caeac,0.6033,Type Checking|Import Error,Import Error|Type Checking
153,209,16c6139ab089f3cd774175cc7a5bc2e0cbd52699,b9a749745c9e91ee446a6ebdda7640d49cac8027,0.6032,Import Error|Type Checking,Test Failure|Type Checking
162,193,3045ad82fb7ebc1182bf5d0a1d64713bec621512,84d26c4b6b5881367cdabfc56d29b50389f1ba92,0.6032,Code Styling|Import Error,Import Error|Type Checking
73,170,c27ea5332c1d979ad2fc0c2b09ff571c9538f423,4b5113e905468a8710137ff717685e5728e9cadf,0.6031,Import Error,Import Error|Type Checking
90,202,ff5106ea7e8f83cb7a85bbee6f2299ac736ac860,a52d22193b0ad09104ad4afdc6adddffeb5b8894,0.6031,Type Checking|Test Failure,Type Checking|Import Error
296,187,f6adbaa7d295c83c481fbd8ad452eb1883f42a2c,7efb1f09096dd41ea09b30ceb17746686931d1cf,0.6031,Import Error|Code Styling,Code Styling|Import Error
529,538,511a9296c9215864baf1a1a7ae843ccfa0efdfd9,9fa5da63d346f105d76d80a88d8f8adeb15dc991,0.603,Environment Error|Runtime Error|Test Failure,Environment Error
353,359,8b959a5c872c8ee674a62b24af1fc2babab4110c,f0b242b6794352fc7d4c8e46f7a1c532b31f0418,0.603,Type Checking|Runtime Error|Workflow Error,Static Analysis|Test Failure|Workflow Error
76,157,d1e88b8766d152d7d4e7911a0072591db1eb4bcd,1c533e0065df6fa2c1c75c23125cdc5e8c12ce3c,0.6029,Import Error|Type Checking|Code Styling,Import Error|Code Styling
88,197,fa597eab63defb9e7e146e73c6ee23fb00f16284,98c0877ed94c574c7a6eae2f2eb662bfcef1ba87,0.6029,Test Failure|Type Checking,Test Failure|Type Checking
154,184,18f4596992d6c36ccf9da84ae30083ef65878130,7b8834b321a97bc57d7a5ac82680c24aff793b91,0.6029,Code Styling|Import Error,Import Error|Type Checking
157,184,1c533e0065df6fa2c1c75c23125cdc5e8c12ce3c,7b8834b321a97bc57d7a5ac82680c24aff793b91,0.6029,Import Error|Code Styling,Import Error|Type Checking
506,520,80fe937279863ecf49a66640859a9d9dd17ec23b,a91c98ced7914988b5a263d91b8c476cbeaf34e5,0.6029,Code Styling,Code Styling
514,522,9c2fddfc969337f28739a65dcbed6d3ca0e65d6e,ab9c7f77e0f9f30dc850a0e808f8eacace0a4b2b,0.6029,Code Formatting,Code Styling
84,165,ede117552a48bee7f674fbfab87d9586f2fabe19,344c0994f4fce22a64ad9c57270679e51b8e66e6,0.6027,Import Error|Type Checking,Type Checking|Import Error
452,493,35bcc1e64e7a71cdf06972952cdcebe52cc6a6e9,e693b7399ee5911784f4ac4defb28baf9587f984,0.6027,Code Formatting,Code Styling
447,490,091b008384f701eda98979586e9f051aeb6ab7e6,c2b5e0bfc9cbe7e066893953cb5a06851e303a54,0.6026,Network Error,Network
79,167,da9d2e853bd3c3111d4d8864906975c75f7e9888,39d992d415c335b61f670c31a68c0edc578e5062,0.6025,Type Checking|Import Error,Import Error|Type Checking
80,151,dc07b7a4e5314d29edb7e9c30d36e12a6dec3dd7,09c3a7624b042f0af173fb95362fbefbb3d32522,0.6023,Test Failure|Type Checking,Import Error|Type Checking
183,207,78c5d662bf2145c91356e5185db05a17950b3dc4,b55b03d12d1c33d6fb57e3c36aad243bb089b41c,0.6022,Type Checking|Import Error,Type Checking|Import Error
202,176,a52d22193b0ad09104ad4afdc6adddffeb5b8894,6865351833c002710b5e861a4ff6bc05b74afd4b,0.6022,Type Checking|Import Error,Code Styling|Import Error
77,170,d340b3a337398d539f38101282d09dd5e9966354,4b5113e905468a8710137ff717685e5728e9cadf,0.602,Import Error,Import Error|Type Checking
151,179,09c3a7624b042f0af173fb95362fbefbb3d32522,6e5f3fc6534025b5711d84f144d3071f1ff403d2,0.602,Import Error|Type Checking,Import Error|Code Styling
512,513,88c4f3ff124763577043c1741057863ee519f9b2,9bb69bd3d47cee279dd2a63d65476ad37d0398dd,0.6019,Type Checking|Code Formatting,Type Checking
89,200,fb10c6e8e2f7ca6d855f8cfeda8bae8f4a644e7c,a19827aa499277f65d5314ace68e2ddee7a25f4c,0.6018,Import Error|Type Checking,Type Checking|Test Failure
157,192,1c533e0065df6fa2c1c75c23125cdc5e8c12ce3c,8474427eeab92e28766b8051d92e6b46379581e9,0.6018,Import Error|Code Styling,Code Styling|Import Error
392,381,c058e355b7652337c512f4cad727cc391e641b63,ba48f0fe90578d842327c4ee49980fc212524cf6,0.6017,Import Error,Test Failure
90,175,ff5106ea7e8f83cb7a85bbee6f2299ac736ac860,67b1780b01f5d7461dc9b3d189d25acecbdb171d,0.6016,Type Checking|Test Failure,Type Checking|Import Error|Code Styling
449,487,255a10c026e184769fe53a1f8efa331f998b5ee4,b5bb4c11018952a0f9f5693ce84dd3df18c644d7,0.6016,Linting,Linting
79,155,da9d2e853bd3c3111d4d8864906975c75f7e9888,1a41bfdce3fbdd13b1269f0acc04885762c39dd1,0.6015,Type Checking|Import Error,Type Checking|Import Error
84,183,ede117552a48bee7f674fbfab87d9586f2fabe19,78c5d662bf2145c91356e5185db05a17950b3dc4,0.6015,Import Error|Type Checking,Type Checking|Import Error
159,200,1da36493c0905f61ee6fa58ebf792f993d3579dc,a19827aa499277f65d5314ace68e2ddee7a25f4c,0.6015,Import Error|Type Checking,Type Checking|Test Failure
84,175,ede117552a48bee7f674fbfab87d9586f2fabe19,67b1780b01f5d7461dc9b3d189d25acecbdb171d,0.6013,Import Error|Type Checking,Type Checking|Import Error|Code Styling
151,165,09c3a7624b042f0af173fb95362fbefbb3d32522,344c0994f4fce22a64ad9c57270679e51b8e66e6,0.6013,Import Error|Type Checking,Type Checking|Import Error
526,545,44cf736f9ad32392d86c990b2c3140d0ef359fd2,c6e622ac4765055bd95f5358a6f19ed3970da9b4,0.6013,Environment Error,Environment Error|Test Failure
330,339,34d266419c7e9ea075d674394e5fa567c2720d08,e6d2dc68133f80003d2ac7429bcf7715b8c920d0,0.6013,Code Styling,Static Analysis
367,366,359abef6547dec814c4cbaaa57b1ef4e26641888,261c722f561e06f100174ebd17e5b1b0aea5c1e2,0.6013,Code Formatting|Test Failure,Code Formatting|Test Failure
379,400,b98eccc009b47575b38d985dc18b8655eb2f6143,c33c39fbc60b7b4c253555282f5f50c051086b41,0.6012,Type Checking,Test Failure
383,393,bbe646cb38f74b164402f9eac9ee486176f22b8d,c07f0ba427e83c43ad8c7068aafd1b032cfe34c1,0.6012,Test Failure,Test Failure
497,510,5da261310ba61373d9546eaa6a817049ca75b9c5,8607b72d71832c853bbf49929ff06c4429e99cd9,0.6012,Code Styling,Code Styling
416,421,e9c4ddd5f996b5a4a8b82c05321573de50dbe6a9,f4ed7a6f985ea8135f1cb2b2b01bd794a7f45520,0.6012,Dependency Error,Dependency Error
295,159,d6626e5de246cce87651793060322ff1b3f7e0c0,1da36493c0905f61ee6fa58ebf792f993d3579dc,0.6011,Import Error,Import Error|Type Checking
108,102,44eb41928c49ec0438728ea76283495461dc2e19,07c55e7c8bee5b60d9d9647d647f89bec137ef4d,0.6011,Code Styling,Code Styling
236,237,331dcf050910618b9bb5e3028da4597770199f72,b860ffe5103cf9bc6270707dd2a7955f74f7d3fb,0.6011,Code Formatting,Code Formatting
157,176,1c533e0065df6fa2c1c75c23125cdc5e8c12ce3c,6865351833c002710b5e861a4ff6bc05b74afd4b,0.601,Import Error|Code Styling,Code Styling|Import Error
106,114,444017d8b29540c809f8a7b6479fcb124f229ab8,78131a41338361909ae6e81399a5eac2579498bf,0.601,Test Failure|Type Checking,Dependency Error|Type Checking
73,152,c27ea5332c1d979ad2fc0c2b09ff571c9538f423,110e09997f8a22a617e261dec9e301129bbead65,0.6006,Import Error,Test Failure|Type Checking
104,108,14df8e5918cb5d6c4ca62d23b5a1f653a0e92212,44eb41928c49ec0438728ea76283495461dc2e19,0.6006,Code Styling,Code Styling
177,187,69a56c3a1a48f96da4e8c6f71b19dfd71f3f2b8c,7efb1f09096dd41ea09b30ceb17746686931d1cf,0.6005,Code Styling,Code Styling|Import Error
377,398,b75eeee81e1a99e307d41f6d6cb02066a1beca41,c2b2c04d2b5fdc5462e0db7eb8847aa85c31b5d9,0.6005,Type Checking,Type Checking
535,528,917c6c79402d69402ae4d4229f9a44cb49bf6867,4cb814c27dd37bbf6ccd194f9d6b2c0a2ac0119d,0.6005,Environment Error,Environment Error
18,20,b94b7e71f74eb6e8c4ef7f299c24a20f5cded2f8,537b57d99d10ecbcf8a9835bda18a73ee284d88f,0.6005,Code Formatting,Code Formatting
86,89,f2436c62292765f014a0dd30a013035abd13c33f,fb10c6e8e2f7ca6d855f8cfeda8bae8f4a644e7c,0.6003,Type Checking|Import Error,Import Error|Type Checking
445,446,02237e2a7e177390256eef0d1beb3a0a8c942acc,083b48256813564d301995020b838bfaf6055d79,0.6003,Code Formatting,Code Formatting
412,419,d85d774b0920cc0438fb1f084c93df696fb3f6c8,f35834221f9415921e1e7f49ecd2db4fb92e1daf,0.6003,Dependency,Dependency
497,514,5da261310ba61373d9546eaa6a817049ca75b9c5,9c2fddfc969337f28739a65dcbed6d3ca0e65d6e,0.6001,Code Styling,Code Formatting
500,506,6ddeb2324ee74fde5f816427b0a2c933e1205d12,80fe937279863ecf49a66640859a9d9dd17ec23b,0.6001,Code Styling|Type Checking,Code Styling
